view,prot_dim,comp_dim,hdims,graph_dim,kaiming_constant,dprob,tr_batch_size,val_batch_size,test_batch_size,optimizer,optimizer__global__weight_decay,optimizer__global__lr,optimizer__sgd__nesterov,optimizer__sgd__momentum,optimizer__adam__amsgrad,optimizer__adadelta__rho,optimizer__adagrad__lr_decay,optimizer__rmsprop__momentum,score
gconv,8421,1024,"[3616, 382, 4531]",160,5,0.1640379652236322,512,512,512,adamax,0.0005157268634913182,0.00047778153018807295,True,0.09845754168974598,False,0.0013223799841309055,0.00023321761901480895,0.001238286244647923,0.22409457344621397
gconv,8421,1024,"[3616, 382, 4531]",160,5,0.1640379652236322,512,512,512,adamax,0.0005157268634913182,0.00047778153018807295,True,0.09845754168974598,False,0.0013223799841309055,0.00023321761901480895,0.001238286244647923,0.2091723304261879
gconv,8421,1024,"[3616, 382, 4531]",160,5,0.1640379652236322,512,512,512,adamax,0.0005157268634913182,0.00047778153018807295,True,0.09845754168974598,False,0.0013223799841309055,0.00023321761901480895,0.001238286244647923,0.20295700455545473
gconv,8421,1024,"[3616, 382, 4531]",160,5,0.1640379652236322,512,512,512,adamax,0.0005157268634913182,0.00047778153018807295,True,0.09845754168974598,False,0.0013223799841309055,0.00023321761901480895,0.001238286244647923,0.1940717715013391
gconv,8421,1024,[2944],380,5,0.039220066263211575,512,512,512,adamax,0.0003481136160761598,0.0005583132819412679,True,0.0018348955222781836,True,0.897009087164606,0.00011107614360501992,0.047190321891271446,0.19239037304487566
gconv,8421,1024,"[3616, 382, 4531]",160,5,0.1640379652236322,512,512,512,adamax,0.0005157268634913182,0.00047778153018807295,True,0.09845754168974598,False,0.0013223799841309055,0.00023321761901480895,0.001238286244647923,0.19102153090322846
gconv,8421,1024,[2944],380,5,0.039220066263211575,512,512,512,adamax,0.0003481136160761598,0.0005583132819412679,True,0.0018348955222781836,True,0.897009087164606,0.00011107614360501992,0.047190321891271446,0.188269565222457
gconv,8421,1024,[2944],380,5,0.039220066263211575,512,512,512,adamax,0.0003481136160761598,0.0005583132819412679,True,0.0018348955222781836,True,0.897009087164606,0.00011107614360501992,0.047190321891271446,0.18410929318343083
gconv,8421,1024,[2944],380,5,0.039220066263211575,512,512,512,adamax,0.0003481136160761598,0.0005583132819412679,True,0.0018348955222781836,True,0.897009087164606,0.00011107614360501992,0.047190321891271446,0.17677550725596464
gconv,8421,1024,"[510, 395]",165,5,0.2577204451709114,256,512,512,adagrad,0.0010869541067639395,0.010461082219255721,False,0.11260812315364883,True,0.015183955951396202,0.00033234179061372016,0.0004886606304825974,0.1738031410600799
gconv,8421,1024,"[256, 256, 256, 4708]",64,5,0.01,512,512,512,adagrad,0.0001,0.00222467841359845,True,0.0002159895527821301,True,0.0001,0.0001,0.0001,0.17036326124972628
gconv,8421,1024,"[1122, 653, 4644]",302,5,0.025572084576224074,128,512,512,adamax,0.003698789919519203,0.000375763169417052,False,0.00019280372704273243,False,0.0021868088142190313,0.05579257990039718,0.022148658490115127,0.1475837904328351
gconv,8421,1024,[2944],380,5,0.039220066263211575,512,512,512,adamax,0.0003481136160761598,0.0005583132819412679,True,0.0018348955222781836,True,0.897009087164606,0.00011107614360501992,0.047190321891271446,0.1471888972323983
gconv,8421,1024,"[4035, 716, 1751]",395,5,0.19756631992171947,512,512,512,rmsprop,0.0031018685180771288,0.00011710413799646355,True,0.2831084822531329,False,0.0031897218531291983,0.06357072700556034,0.00015158966740252855,0.1392542380849915
gconv,8421,1024,"[1122, 653, 4644]",302,5,0.025572084576224074,128,512,512,adamax,0.003698789919519203,0.000375763169417052,False,0.00019280372704273243,False,0.0021868088142190313,0.05579257990039718,0.022148658490115127,0.13675302999814862
gconv,8421,1024,"[1122, 653, 4644]",302,5,0.025572084576224074,128,512,512,adamax,0.003698789919519203,0.000375763169417052,False,0.00019280372704273243,False,0.0021868088142190313,0.05579257990039718,0.022148658490115127,0.122600473276631
gconv,8421,1024,"[845, 836, 659]",233,5,0.015027374095385099,512,512,512,adagrad,0.0001,0.0695426005634411,True,0.01882344262464112,True,0.014425824052117203,0.000296342274640045,0.007596638413692464,0.12249248881747311
gconv,8421,1024,"[1122, 653, 4644]",302,5,0.025572084576224074,128,512,512,adamax,0.003698789919519203,0.000375763169417052,False,0.00019280372704273243,False,0.0021868088142190313,0.05579257990039718,0.022148658490115127,0.11670941150650174
gconv,8421,1024,"[1122, 653, 4644]",302,5,0.025572084576224074,128,512,512,adamax,0.003698789919519203,0.000375763169417052,False,0.00019280372704273243,False,0.0021868088142190313,0.05579257990039718,0.022148658490115127,0.10842047763000959
gconv,8421,1024,[1144],435,5,0.046386412715966115,128,512,512,adamax,0.000314243823858099,0.0029263614692357776,False,0.00044470778282927826,True,0.15089614364949708,0.0003239099100285234,0.002428295918098408,0.08579340359145482
gconv,8421,1024,[1144],435,5,0.046386412715966115,128,512,512,adamax,0.000314243823858099,0.0029263614692357776,False,0.00044470778282927826,True,0.15089614364949708,0.0003239099100285234,0.002428295918098408,0.08459851684577664
gconv,8421,1024,[1144],435,5,0.046386412715966115,128,512,512,adamax,0.000314243823858099,0.0029263614692357776,False,0.00044470778282927826,True,0.15089614364949708,0.0003239099100285234,0.002428295918098408,0.06371694942843639
gconv,8421,1024,[1144],435,5,0.046386412715966115,128,512,512,adamax,0.000314243823858099,0.0029263614692357776,False,0.00044470778282927826,True,0.15089614364949708,0.0003239099100285234,0.002428295918098408,0.06169969609240629
gconv,8421,1024,[1144],435,5,0.046386412715966115,128,512,512,adamax,0.000314243823858099,0.0029263614692357776,False,0.00044470778282927826,True,0.15089614364949708,0.0003239099100285234,0.002428295918098408,0.05552429915095456
gconv,8421,1024,"[3978, 2025, 845, 726]",373,5,0.037803595590565627,256,512,512,adamax,0.004622489386497726,0.004166040107356682,True,0.8651742787822587,False,0.0036730232065619655,0.00014137308201282443,0.006366358491316257,0.053399128310149445
gconv,8421,1024,"[1644, 4646]",350,5,0.21347960268604996,128,512,512,adagrad,0.0003585048966336105,0.0011417966083467086,False,0.006516223324456789,False,0.005278625348164951,0.0010901861947897526,0.016965567388307873,0.04664051110487833
gconv,8421,1024,"[3978, 2025, 845, 726]",373,5,0.037803595590565627,256,512,512,adamax,0.004622489386497726,0.004166040107356682,True,0.8651742787822587,False,0.0036730232065619655,0.00014137308201282443,0.006366358491316257,0.04625838261103289
gconv,8421,1024,[3635],396,5,0.051934725154440406,128,512,512,adagrad,0.003127560411392145,0.0008670646903645825,False,0.11587341344488475,False,0.00012939807637203838,0.0004961649309025573,0.0004133604938397395,0.04192755827224037
gconv,8421,1024,"[4903, 2200, 4222, 1307]",84,5,0.14035066604175545,128,512,512,adagrad,0.022745759413976174,0.010037247324284553,False,0.0036351819241842113,True,0.0002539852344112164,0.02850542081938002,0.0032194572441333813,0.0384634988953954
gconv,8421,1024,"[3978, 2025, 845, 726]",373,5,0.037803595590565627,256,512,512,adamax,0.004622489386497726,0.004166040107356682,True,0.8651742787822587,False,0.0036730232065619655,0.00014137308201282443,0.006366358491316257,0.02931308284303525
gconv,8421,1024,"[4051, 4781]",178,5,0.13416250536917904,512,512,512,adam,0.0006593113366233622,0.004753207596308062,True,0.0001845859757272745,False,0.00039755439953528284,0.03170403059521885,0.0006285676688467875,0.027416328689403746
gconv,8421,1024,"[4051, 4781]",178,5,0.13416250536917904,512,512,512,adam,0.0006593113366233622,0.004753207596308062,True,0.0001845859757272745,False,0.00039755439953528284,0.03170403059521885,0.0006285676688467875,0.02617970869999665
gconv,8421,1024,[3635],396,5,0.051934725154440406,128,512,512,adagrad,0.003127560411392145,0.0008670646903645825,False,0.11587341344488475,False,0.00012939807637203838,0.0004961649309025573,0.0004133604938397395,0.02426040620576044
gconv,8421,1024,[3635],396,5,0.051934725154440406,128,512,512,adagrad,0.003127560411392145,0.0008670646903645825,False,0.11587341344488475,False,0.00012939807637203838,0.0004961649309025573,0.0004133604938397395,0.02269971657727121
gconv,8421,1024,"[3978, 2025, 845, 726]",373,5,0.037803595590565627,256,512,512,adamax,0.004622489386497726,0.004166040107356682,True,0.8651742787822587,False,0.0036730232065619655,0.00014137308201282443,0.006366358491316257,0.015673422240105567
gconv,8421,1024,"[4903, 2200, 4222, 1307]",84,5,0.14035066604175545,128,512,512,adagrad,0.022745759413976174,0.010037247324284553,False,0.0036351819241842113,True,0.0002539852344112164,0.02850542081938002,0.0032194572441333813,0.014928592039503735
gconv,8421,1024,"[4903, 2200, 4222, 1307]",84,5,0.14035066604175545,128,512,512,adagrad,0.022745759413976174,0.010037247324284553,False,0.0036351819241842113,True,0.0002539852344112164,0.02850542081938002,0.0032194572441333813,0.009058175420941311
gconv,8421,1024,[1232],215,5,0.07479920523593216,256,512,512,adadelta,0.025024636086354565,0.056356901473266385,False,0.0016038081843100082,True,0.0001,0.0006262707805276933,0.0017910894972429916,0.005879917625464606
gconv,8421,1024,"[4051, 4781]",178,5,0.13416250536917904,512,512,512,adam,0.0006593113366233622,0.004753207596308062,True,0.0001845859757272745,False,0.00039755439953528284,0.03170403059521885,0.0006285676688467875,0.004987821166107059
gconv,8421,1024,[3635],396,5,0.051934725154440406,128,512,512,adagrad,0.003127560411392145,0.0008670646903645825,False,0.11587341344488475,False,0.00012939807637203838,0.0004961649309025573,0.0004133604938397395,0.0038398114509945367
gconv,8421,1024,"[3978, 2025, 845, 726]",373,5,0.037803595590565627,256,512,512,adamax,0.004622489386497726,0.004166040107356682,True,0.8651742787822587,False,0.0036730232065619655,0.00014137308201282443,0.006366358491316257,0.00013580654727988963
gconv,8421,1024,[3635],396,5,0.051934725154440406,128,512,512,adagrad,0.003127560411392145,0.0008670646903645825,False,0.11587341344488475,False,0.00012939807637203838,0.0004961649309025573,0.0004133604938397395,-0.001416692518286794
gconv,8421,1024,"[4051, 4781]",178,5,0.13416250536917904,512,512,512,adam,0.0006593113366233622,0.004753207596308062,True,0.0001845859757272745,False,0.00039755439953528284,0.03170403059521885,0.0006285676688467875,-0.010822143526643685
gconv,8421,1024,"[4903, 2200, 4222, 1307]",84,5,0.14035066604175545,128,512,512,adagrad,0.022745759413976174,0.010037247324284553,False,0.0036351819241842113,True,0.0002539852344112164,0.02850542081938002,0.0032194572441333813,-0.01279734211176133
gconv,8421,1024,"[4903, 2200, 4222, 1307]",84,5,0.14035066604175545,128,512,512,adagrad,0.022745759413976174,0.010037247324284553,False,0.0036351819241842113,True,0.0002539852344112164,0.02850542081938002,0.0032194572441333813,-0.029140687029741586
gconv,8421,1024,"[2101, 2852, 912]",468,5,0.0854418338933194,32,512,512,adagrad,0.0006777135739750702,0.006963186087858362,False,0.5646645287296946,True,0.13949269821952806,0.0037853891950389087,0.00015430359876672522,-0.03005532054974695
gconv,8421,1024,"[3154, 4586]",381,5,0.016829709306736818,64,512,512,adam,0.008924602827626877,0.00017364129331352154,False,0.0002576889531593506,False,0.0002065994600603026,0.0011325959796323706,0.0002514009209666984,-0.036561819931246006
gconv,8421,1024,"[2101, 2852, 912]",468,5,0.0854418338933194,32,512,512,adagrad,0.0006777135739750702,0.006963186087858362,False,0.5646645287296946,True,0.13949269821952806,0.0037853891950389087,0.00015430359876672522,-0.03829104395377496
gconv,8421,1024,"[1991, 2816]",512,5,0.448121087992461,256,512,512,adagrad,0.23921385173612264,0.000640596508218987,True,0.3329122486803923,False,0.002564615525971018,0.00010032492868779513,0.013174273018452209,-0.04033702264391001
gconv,8421,1024,"[2229, 2364, 3517]",362,5,0.14809962268960053,64,512,512,rmsprop,0.0020076173379696325,0.00011384464672547664,False,0.12284621361683905,True,0.014806596510995414,0.08224051495619135,0.015961143055431185,-0.040826929718276145
gconv,8421,1024,"[3154, 4586]",381,5,0.016829709306736818,64,512,512,adam,0.008924602827626877,0.00017364129331352154,False,0.0002576889531593506,False,0.0002065994600603026,0.0011325959796323706,0.0002514009209666984,-0.04729826900467629
gconv,8421,1024,"[3154, 4586]",381,5,0.016829709306736818,64,512,512,adam,0.008924602827626877,0.00017364129331352154,False,0.0002576889531593506,False,0.0002065994600603026,0.0011325959796323706,0.0002514009209666984,-0.04778341959004319
gconv,8421,1024,[3970],314,5,0.01464332949000414,512,512,512,adagrad,0.0009833652300697017,0.00012944274122194638,True,0.00022994131288008694,True,0.0003780334313913776,0.005399169568636635,0.5607968607097563,-0.05633200629952433
gconv,8421,1024,"[2101, 2852, 912]",468,5,0.0854418338933194,32,512,512,adagrad,0.0006777135739750702,0.006963186087858362,False,0.5646645287296946,True,0.13949269821952806,0.0037853891950389087,0.00015430359876672522,-0.06278952966128588
gconv,8421,1024,"[3623, 5000, 2455, 588]",82,5,0.11835183729873332,256,512,512,adadelta,0.024300674468335493,0.01868066948245545,True,0.008649666977508191,True,0.00010302617091278996,0.000692402352649153,0.0003187384411649053,-0.06497196789940622
gconv,8421,1024,"[3154, 4586]",381,5,0.016829709306736818,64,512,512,adam,0.008924602827626877,0.00017364129331352154,False,0.0002576889531593506,False,0.0002065994600603026,0.0011325959796323706,0.0002514009209666984,-0.0650759771412514
gconv,8421,1024,"[4151, 3385]",377,5,0.09771873359611385,128,512,512,adamax,0.0776001830327226,0.0003461830814058872,True,0.000394958038022728,False,0.00025624020010160176,0.4345153129689233,0.0012660115893274257,-0.06538220468874394
gconv,8421,1024,"[1597, 2312, 302]",373,5,0.5479470330094106,64,512,512,adadelta,0.0011833827404846193,0.22295190518491748,True,0.013190098683738643,True,0.0018191385764705784,0.3668059597657605,0.0005264354567526792,-0.0657249776907111
gconv,8421,1024,"[2229, 2364, 3517]",362,5,0.14809962268960053,64,512,512,rmsprop,0.0020076173379696325,0.00011384464672547664,False,0.12284621361683905,True,0.014806596510995414,0.08224051495619135,0.015961143055431185,-0.07207346451977246
gconv,8421,1024,"[2101, 2852, 912]",468,5,0.0854418338933194,32,512,512,adagrad,0.0006777135739750702,0.006963186087858362,False,0.5646645287296946,True,0.13949269821952806,0.0037853891950389087,0.00015430359876672522,-0.07242216763526911
gconv,8421,1024,"[3154, 4586]",381,5,0.016829709306736818,64,512,512,adam,0.008924602827626877,0.00017364129331352154,False,0.0002576889531593506,False,0.0002065994600603026,0.0011325959796323706,0.0002514009209666984,-0.07297351492650539
gconv,8421,1024,"[1597, 2312, 302]",373,5,0.5479470330094106,64,512,512,adadelta,0.0011833827404846193,0.22295190518491748,True,0.013190098683738643,True,0.0018191385764705784,0.3668059597657605,0.0005264354567526792,-0.07791859260749062
gconv,8421,1024,"[2101, 2852, 912]",468,5,0.0854418338933194,32,512,512,adagrad,0.0006777135739750702,0.006963186087858362,False,0.5646645287296946,True,0.13949269821952806,0.0037853891950389087,0.00015430359876672522,-0.0832682502733634
gconv,8421,1024,"[312, 4536, 4871]",509,5,0.05382138793356599,512,512,512,adadelta,0.00015173722140736148,0.026084855450829066,True,0.001966913570869403,False,0.002039474694058314,0.004258448166355654,0.0018604569995405577,-0.08528125897699806
gconv,8421,1024,"[1597, 2312, 302]",373,5,0.5479470330094106,64,512,512,adadelta,0.0011833827404846193,0.22295190518491748,True,0.013190098683738643,True,0.0018191385764705784,0.3668059597657605,0.0005264354567526792,-0.0893636449120885
gconv,8421,1024,"[312, 4536, 4871]",509,5,0.05382138793356599,512,512,512,adadelta,0.00015173722140736148,0.026084855450829066,True,0.001966913570869403,False,0.002039474694058314,0.004258448166355654,0.0018604569995405577,-0.09163570938094119
gconv,8421,1024,"[1597, 2312, 302]",373,5,0.5479470330094106,64,512,512,adadelta,0.0011833827404846193,0.22295190518491748,True,0.013190098683738643,True,0.0018191385764705784,0.3668059597657605,0.0005264354567526792,-0.09771839124419196
gconv,8421,1024,"[4215, 4508, 4298, 3139]",89,5,0.011014002635505307,512,512,512,adam,0.06861727598173023,0.00019457297321997033,True,0.023720450982192363,False,0.0898251890122072,0.014276183154180935,0.02968444794123539,-0.10836198908918632
gconv,8421,1024,"[4215, 4508, 4298, 3139]",89,5,0.011014002635505307,512,512,512,adam,0.06861727598173023,0.00019457297321997033,True,0.023720450982192363,False,0.0898251890122072,0.014276183154180935,0.02968444794123539,-0.11560172779617871
gconv,8421,1024,"[3125, 4871, 1660, 855]",239,5,0.12642081385724996,32,512,512,adamax,0.0037828160103090245,0.00048574163463581074,False,0.44931991746733674,False,0.0014297997329957798,0.0024102020250375915,0.038104609965360435,-0.11696995576854444
gconv,8421,1024,"[1597, 2312, 302]",373,5,0.5479470330094106,64,512,512,adadelta,0.0011833827404846193,0.22295190518491748,True,0.013190098683738643,True,0.0018191385764705784,0.3668059597657605,0.0005264354567526792,-0.11852265313121645
gconv,8421,1024,"[312, 4536, 4871]",509,5,0.05382138793356599,512,512,512,adadelta,0.00015173722140736148,0.026084855450829066,True,0.001966913570869403,False,0.002039474694058314,0.004258448166355654,0.0018604569995405577,-0.11866428223996665
gconv,8421,1024,"[1667, 3626]",466,5,0.10729151520056246,128,512,512,sgd,0.0007083813800829723,0.0008560110906848605,False,0.00047085719510436667,True,0.0365058114138647,0.0014523740574780546,0.0010858690510998068,-0.11972363542107292
gconv,8421,1024,"[1221, 793]",456,5,0.3777655126626695,512,512,512,rmsprop,0.0010771645575971924,0.0045948549608323275,True,0.0026979257425942286,False,0.00011609945950453504,0.0009166877140955453,0.002695272499385872,-0.12183614365274978
gconv,8421,1024,"[3125, 4871, 1660, 855]",239,5,0.12642081385724996,32,512,512,adamax,0.0037828160103090245,0.00048574163463581074,False,0.44931991746733674,False,0.0014297997329957798,0.0024102020250375915,0.038104609965360435,-0.12490676964348556
gconv,8421,1024,"[1221, 793]",456,5,0.3777655126626695,512,512,512,rmsprop,0.0010771645575971924,0.0045948549608323275,True,0.0026979257425942286,False,0.00011609945950453504,0.0009166877140955453,0.002695272499385872,-0.12710107773711973
gconv,8421,1024,"[312, 4536, 4871]",509,5,0.05382138793356599,512,512,512,adadelta,0.00015173722140736148,0.026084855450829066,True,0.001966913570869403,False,0.002039474694058314,0.004258448166355654,0.0018604569995405577,-0.13069131199149964
gconv,8421,1024,[3017],246,5,0.2881731081457482,512,512,512,adadelta,0.0923208476746104,0.1750217688033886,True,0.22434836393036045,False,0.07025734100958808,0.034242847637940575,0.8438859295711366,-0.1311852055196628
gconv,8421,1024,"[3125, 4871, 1660, 855]",239,5,0.12642081385724996,32,512,512,adamax,0.0037828160103090245,0.00048574163463581074,False,0.44931991746733674,False,0.0014297997329957798,0.0024102020250375915,0.038104609965360435,-0.13357323323508208
gconv,8421,1024,"[4215, 4508, 4298, 3139]",89,5,0.011014002635505307,512,512,512,adam,0.06861727598173023,0.00019457297321997033,True,0.023720450982192363,False,0.0898251890122072,0.014276183154180935,0.02968444794123539,-0.13719035101514246
gconv,8421,1024,"[2596, 380, 2719]",174,5,0.015102832480483695,64,512,512,rmsprop,0.019136954959226786,0.0001582772326531143,False,0.19325948738742238,True,0.0017683278405008448,0.0783057810953919,0.00029522741123048604,-0.13761505597682247
gconv,8421,1024,"[938, 2215, 2708]",262,5,0.14598118279648203,128,512,512,sgd,0.012592102675834944,0.0021034557824192845,True,0.4183686749868193,True,0.0001923772041095645,0.000314162569320613,0.021775812486948952,-0.14235223383629353
gconv,8421,1024,"[2834, 2711]",141,5,0.36164132560932577,32,512,512,rmsprop,0.00016410662331213706,0.0002603008295867546,True,0.028495847449996437,False,0.5373356509046835,0.6154611602677017,0.0009267000492505432,-0.14887542334000095
gconv,8421,1024,"[1221, 793]",456,5,0.3777655126626695,512,512,512,rmsprop,0.0010771645575971924,0.0045948549608323275,True,0.0026979257425942286,False,0.00011609945950453504,0.0009166877140955453,0.002695272499385872,-0.15115862354749843
gconv,8421,1024,"[3125, 4871, 1660, 855]",239,5,0.12642081385724996,32,512,512,adamax,0.0037828160103090245,0.00048574163463581074,False,0.44931991746733674,False,0.0014297997329957798,0.0024102020250375915,0.038104609965360435,-0.15203216532865846
gconv,8421,1024,"[938, 2215, 2708]",262,5,0.14598118279648203,128,512,512,sgd,0.012592102675834944,0.0021034557824192845,True,0.4183686749868193,True,0.0001923772041095645,0.000314162569320613,0.021775812486948952,-0.15386168902673297
gconv,8421,1024,"[938, 2215, 2708]",262,5,0.14598118279648203,128,512,512,sgd,0.012592102675834944,0.0021034557824192845,True,0.4183686749868193,True,0.0001923772041095645,0.000314162569320613,0.021775812486948952,-0.154192602963449
gconv,8421,1024,"[3579, 2368]",202,5,0.21183593540421455,32,512,512,rmsprop,0.0001087395432813243,0.00011030533713268681,True,0.004841961145773562,False,0.004315173278871269,0.000594537848657501,0.14395691145709535,-0.15760660233548876
gconv,8421,1024,"[2596, 380, 2719]",174,5,0.015102832480483695,64,512,512,rmsprop,0.019136954959226786,0.0001582772326531143,False,0.19325948738742238,True,0.0017683278405008448,0.0783057810953919,0.00029522741123048604,-0.15886363476489748
gconv,8421,1024,[1055],424,5,0.02063258008844285,256,512,512,sgd,0.002708164391376989,0.00042881665961895174,True,0.026708104286080385,True,0.0022433146824880233,0.7972140902803748,0.00031205054998241624,-0.15937948619844083
gconv,8421,1024,"[3125, 4871, 1660, 855]",239,5,0.12642081385724996,32,512,512,adamax,0.0037828160103090245,0.00048574163463581074,False,0.44931991746733674,False,0.0014297997329957798,0.0024102020250375915,0.038104609965360435,-0.16974068148813284
gconv,8421,1024,[1055],424,5,0.02063258008844285,256,512,512,sgd,0.002708164391376989,0.00042881665961895174,True,0.026708104286080385,True,0.0022433146824880233,0.7972140902803748,0.00031205054998241624,-0.1697730056939969
gconv,8421,1024,[2885],76,5,0.011152492818889827,128,512,512,adadelta,0.0002881665736717541,0.005662462210864901,True,0.04954918534718604,True,0.004988174274150895,0.09737609630650652,0.0003222060055433464,-0.17121998921111353
gconv,8421,1024,"[1221, 793]",456,5,0.3777655126626695,512,512,512,rmsprop,0.0010771645575971924,0.0045948549608323275,True,0.0026979257425942286,False,0.00011609945950453504,0.0009166877140955453,0.002695272499385872,-0.17223873718653696
gconv,8421,1024,"[312, 4536, 4871]",509,5,0.05382138793356599,512,512,512,adadelta,0.00015173722140736148,0.026084855450829066,True,0.001966913570869403,False,0.002039474694058314,0.004258448166355654,0.0018604569995405577,-0.17309951221231878
gconv,8421,1024,[2885],76,5,0.011152492818889827,128,512,512,adadelta,0.0002881665736717541,0.005662462210864901,True,0.04954918534718604,True,0.004988174274150895,0.09737609630650652,0.0003222060055433464,-0.17452530430017252
gconv,8421,1024,"[1404, 4077, 2047]",324,5,0.08462760077600293,64,512,512,adagrad,0.7993512484900676,0.0006309390628705195,True,0.005754275851059694,True,0.004257386816968699,0.00493575860905337,0.6879929480190717,-0.17695354227267487
gconv,8421,1024,"[938, 2215, 2708]",262,5,0.14598118279648203,128,512,512,sgd,0.012592102675834944,0.0021034557824192845,True,0.4183686749868193,True,0.0001923772041095645,0.000314162569320613,0.021775812486948952,-0.17973353416338828
gconv,8421,1024,[2885],76,5,0.011152492818889827,128,512,512,adadelta,0.0002881665736717541,0.005662462210864901,True,0.04954918534718604,True,0.004988174274150895,0.09737609630650652,0.0003222060055433464,-0.18783954438483957
gconv,8421,1024,"[1352, 4622]",136,5,0.05147728963264277,32,512,512,adam,0.06486763685208778,0.00018078901930597177,False,0.00037739908655290985,True,0.557649606754699,0.015443021241572364,0.0002579663045500308,-0.1892719750789108
gconv,8421,1024,"[3166, 3731, 946, 3042]",425,5,0.06146263267441887,256,512,512,adadelta,0.016753663582882498,0.001307695405081725,True,0.04290940885816363,False,0.00012006490495141241,0.0002398838580846816,0.0574050616827523,-0.19064407093537375
gconv,8421,1024,"[2596, 380, 2719]",174,5,0.015102832480483695,64,512,512,rmsprop,0.019136954959226786,0.0001582772326531143,False,0.19325948738742238,True,0.0017683278405008448,0.0783057810953919,0.00029522741123048604,-0.19233849551604987
gconv,8421,1024,[1055],424,5,0.02063258008844285,256,512,512,sgd,0.002708164391376989,0.00042881665961895174,True,0.026708104286080385,True,0.0022433146824880233,0.7972140902803748,0.00031205054998241624,-0.19258302678399877
gconv,8421,1024,"[4215, 4508, 4298, 3139]",89,5,0.011014002635505307,512,512,512,adam,0.06861727598173023,0.00019457297321997033,True,0.023720450982192363,False,0.0898251890122072,0.014276183154180935,0.02968444794123539,-0.194222577155127
gconv,8421,1024,"[2596, 380, 2719]",174,5,0.015102832480483695,64,512,512,rmsprop,0.019136954959226786,0.0001582772326531143,False,0.19325948738742238,True,0.0017683278405008448,0.0783057810953919,0.00029522741123048604,-0.19813869035819587
gconv,8421,1024,"[3844, 3612]",362,5,0.13731600153405096,256,512,512,adagrad,0.8776753273120489,0.003699294401024654,True,0.0012984689656046044,True,0.16044696648057788,0.42599524241216397,0.003556273389070212,-0.1986607436108057
gconv,8421,1024,"[1352, 4622]",136,5,0.05147728963264277,32,512,512,adam,0.06486763685208778,0.00018078901930597177,False,0.00037739908655290985,True,0.557649606754699,0.015443021241572364,0.0002579663045500308,-0.1993071987167323
gconv,8421,1024,"[3844, 3612]",362,5,0.13731600153405096,256,512,512,adagrad,0.8776753273120489,0.003699294401024654,True,0.0012984689656046044,True,0.16044696648057788,0.42599524241216397,0.003556273389070212,-0.20023143370082377
gconv,8421,1024,"[938, 2215, 2708]",262,5,0.14598118279648203,128,512,512,sgd,0.012592102675834944,0.0021034557824192845,True,0.4183686749868193,True,0.0001923772041095645,0.000314162569320613,0.021775812486948952,-0.20339668894749938
gconv,8421,1024,"[3625, 4639, 3831, 2428]",346,5,0.045718199789074626,128,512,512,adamax,0.41427457481675434,0.0003506230093587467,True,0.003914364464019094,False,0.12926495978749242,0.012173702426620069,0.16439787576757112,-0.2088105177497432
gconv,8421,1024,[1055],424,5,0.02063258008844285,256,512,512,sgd,0.002708164391376989,0.00042881665961895174,True,0.026708104286080385,True,0.0022433146824880233,0.7972140902803748,0.00031205054998241624,-0.21103093043211246
gconv,8421,1024,"[1352, 4622]",136,5,0.05147728963264277,32,512,512,adam,0.06486763685208778,0.00018078901930597177,False,0.00037739908655290985,True,0.557649606754699,0.015443021241572364,0.0002579663045500308,-0.21106749024724605
gconv,8421,1024,"[3844, 3612]",362,5,0.13731600153405096,256,512,512,adagrad,0.8776753273120489,0.003699294401024654,True,0.0012984689656046044,True,0.16044696648057788,0.42599524241216397,0.003556273389070212,-0.21133847197803743
gconv,8421,1024,"[1404, 4077, 2047]",324,5,0.08462760077600293,64,512,512,adagrad,0.7993512484900676,0.0006309390628705195,True,0.005754275851059694,True,0.004257386816968699,0.00493575860905337,0.6879929480190717,-0.21419534182706623
gconv,8421,1024,"[398, 1026]",393,5,0.8800036679871108,64,512,512,adam,0.002353902561650432,0.0008943395044880983,False,0.38944115065148527,True,0.21798847876054467,0.1715139348817542,0.0006895402359147225,-0.21676544374889503
gconv,8421,1024,[1055],424,5,0.02063258008844285,256,512,512,sgd,0.002708164391376989,0.00042881665961895174,True,0.026708104286080385,True,0.0022433146824880233,0.7972140902803748,0.00031205054998241624,-0.21857410958857207
gconv,8421,1024,"[4060, 3647]",311,5,0.012918882269635022,32,512,512,adam,0.1044617539734582,0.00017085398454400193,False,0.022841147641316284,True,0.022441613181462386,0.26266177104740757,0.012756447969129897,-0.21868936232284292
gconv,8421,1024,[2885],76,5,0.011152492818889827,128,512,512,adadelta,0.0002881665736717541,0.005662462210864901,True,0.04954918534718604,True,0.004988174274150895,0.09737609630650652,0.0003222060055433464,-0.22328302233646888
gconv,8421,1024,[2885],76,5,0.011152492818889827,128,512,512,adadelta,0.0002881665736717541,0.005662462210864901,True,0.04954918534718604,True,0.004988174274150895,0.09737609630650652,0.0003222060055433464,-0.2301586891164827
gconv,8421,1024,"[3625, 4639, 3831, 2428]",346,5,0.045718199789074626,128,512,512,adamax,0.41427457481675434,0.0003506230093587467,True,0.003914364464019094,False,0.12926495978749242,0.012173702426620069,0.16439787576757112,-0.2518993810574795
gconv,8421,1024,[3701],199,5,0.13134910129048571,32,512,512,sgd,0.01508648903403442,0.00022467258989625652,True,0.7269707827329055,True,0.13436150599116278,0.0001369383068343588,0.0007402505665971873,-0.2540663304664377
gconv,8421,1024,[3701],199,5,0.13134910129048571,32,512,512,sgd,0.01508648903403442,0.00022467258989625652,True,0.7269707827329055,True,0.13436150599116278,0.0001369383068343588,0.0007402505665971873,-0.25417799752097947
gconv,8421,1024,"[1352, 4622]",136,5,0.05147728963264277,32,512,512,adam,0.06486763685208778,0.00018078901930597177,False,0.00037739908655290985,True,0.557649606754699,0.015443021241572364,0.0002579663045500308,-0.2556689742526655
gconv,8421,1024,"[3828, 2893]",500,5,0.6455646900842503,512,512,512,adam,0.5100166135900163,0.0005980293756086786,True,0.029468094688616133,True,0.41498222508255395,0.005162906219832165,0.2424496971130472,-0.2562439614574507
gconv,8421,1024,[4478],272,5,0.13704442897802277,64,512,512,adadelta,0.054081864247936,0.46429573574730165,True,0.009593280668959207,True,0.005590397012019964,0.1014312961401944,0.008386263650487495,-0.25747295161248
gconv,8421,1024,[4478],272,5,0.13704442897802277,64,512,512,adadelta,0.054081864247936,0.46429573574730165,True,0.009593280668959207,True,0.005590397012019964,0.1014312961401944,0.008386263650487495,-0.259691317890892
gconv,8421,1024,"[2596, 380, 2719]",174,5,0.015102832480483695,64,512,512,rmsprop,0.019136954959226786,0.0001582772326531143,False,0.19325948738742238,True,0.0017683278405008448,0.0783057810953919,0.00029522741123048604,-0.2614076221342971
gconv,8421,1024,"[1352, 4622]",136,5,0.05147728963264277,32,512,512,adam,0.06486763685208778,0.00018078901930597177,False,0.00037739908655290985,True,0.557649606754699,0.015443021241572364,0.0002579663045500308,-0.2654053624223713
gconv,8421,1024,[4478],272,5,0.13704442897802277,64,512,512,adadelta,0.054081864247936,0.46429573574730165,True,0.009593280668959207,True,0.005590397012019964,0.1014312961401944,0.008386263650487495,-0.2662978331216824
gconv,8421,1024,"[4060, 3647]",311,5,0.012918882269635022,32,512,512,adam,0.1044617539734582,0.00017085398454400193,False,0.022841147641316284,True,0.022441613181462386,0.26266177104740757,0.012756447969129897,-0.26983174058945103
gconv,8421,1024,[4478],272,5,0.13704442897802277,64,512,512,adadelta,0.054081864247936,0.46429573574730165,True,0.009593280668959207,True,0.005590397012019964,0.1014312961401944,0.008386263650487495,-0.27102779603692745
gconv,8421,1024,"[4215, 4508, 4298, 3139]",89,5,0.011014002635505307,512,512,512,adam,0.06861727598173023,0.00019457297321997033,True,0.023720450982192363,False,0.0898251890122072,0.014276183154180935,0.02968444794123539,-0.27132924657722624
gconv,8421,1024,"[3828, 2893]",500,5,0.6455646900842503,512,512,512,adam,0.5100166135900163,0.0005980293756086786,True,0.029468094688616133,True,0.41498222508255395,0.005162906219832165,0.2424496971130472,-0.2715539407686171
gconv,8421,1024,"[3844, 3612]",362,5,0.13731600153405096,256,512,512,adagrad,0.8776753273120489,0.003699294401024654,True,0.0012984689656046044,True,0.16044696648057788,0.42599524241216397,0.003556273389070212,-0.2723905962724024
gconv,8421,1024,"[4060, 3647]",311,5,0.012918882269635022,32,512,512,adam,0.1044617539734582,0.00017085398454400193,False,0.022841147641316284,True,0.022441613181462386,0.26266177104740757,0.012756447969129897,-0.2767783258478747
gconv,8421,1024,"[4443, 3603, 1911]",374,5,0.047022218104015814,32,512,512,adagrad,0.058039618302384154,0.06054394993087902,True,0.0037354039797798462,False,0.0001573681938804593,0.012713469295409941,0.005125507703927517,-0.27923362241066624
gconv,8421,1024,"[4060, 3647]",311,5,0.012918882269635022,32,512,512,adam,0.1044617539734582,0.00017085398454400193,False,0.022841147641316284,True,0.022441613181462386,0.26266177104740757,0.012756447969129897,-0.2796081170771698
gconv,8421,1024,"[4060, 3647]",311,5,0.012918882269635022,32,512,512,adam,0.1044617539734582,0.00017085398454400193,False,0.022841147641316284,True,0.022441613181462386,0.26266177104740757,0.012756447969129897,-0.28012109787164036
gconv,8421,1024,"[4268, 1729]",265,5,0.07184786975083547,128,512,512,adagrad,0.05832300976185446,0.00010451023348887365,False,0.5865158120456475,False,0.00023859734322134304,0.013702763014970877,0.0006460556234425819,-0.2851530572659527
gconv,8421,1024,"[2546, 5000, 1492, 3068]",512,5,0.01,256,512,512,adagrad,1.0,0.0001,True,0.0001,True,1.0,0.015874307193378193,0.003967602301334883,-0.2861092602655274
gconv,8421,1024,"[3828, 2893]",500,5,0.6455646900842503,512,512,512,adam,0.5100166135900163,0.0005980293756086786,True,0.029468094688616133,True,0.41498222508255395,0.005162906219832165,0.2424496971130472,-0.28719977701365124
gconv,8421,1024,"[4443, 3603, 1911]",374,5,0.047022218104015814,32,512,512,adagrad,0.058039618302384154,0.06054394993087902,True,0.0037354039797798462,False,0.0001573681938804593,0.012713469295409941,0.005125507703927517,-0.2879938583419667
gconv,8421,1024,"[326, 4809, 4600, 4753]",457,5,0.057451352131617776,32,512,512,adagrad,0.0001576934692302323,0.0001633281718802831,True,0.000245678267286527,False,0.6558308407149992,0.0001950421572357208,0.00013040441553930783,-0.28882848330989586
gconv,8421,1024,"[3828, 2893]",500,5,0.6455646900842503,512,512,512,adam,0.5100166135900163,0.0005980293756086786,True,0.029468094688616133,True,0.41498222508255395,0.005162906219832165,0.2424496971130472,-0.2898476789228832
gconv,8421,1024,[3701],199,5,0.13134910129048571,32,512,512,sgd,0.01508648903403442,0.00022467258989625652,True,0.7269707827329055,True,0.13436150599116278,0.0001369383068343588,0.0007402505665971873,-0.29610837112933935
gconv,8421,1024,[3701],199,5,0.13134910129048571,32,512,512,sgd,0.01508648903403442,0.00022467258989625652,True,0.7269707827329055,True,0.13436150599116278,0.0001369383068343588,0.0007402505665971873,-0.2991064176375887
gconv,8421,1024,"[3828, 2893]",500,5,0.6455646900842503,512,512,512,adam,0.5100166135900163,0.0005980293756086786,True,0.029468094688616133,True,0.41498222508255395,0.005162906219832165,0.2424496971130472,-0.2993297961153927
gconv,8421,1024,"[3844, 3612]",362,5,0.13731600153405096,256,512,512,adagrad,0.8776753273120489,0.003699294401024654,True,0.0012984689656046044,True,0.16044696648057788,0.42599524241216397,0.003556273389070212,-0.29936962833007846
gconv,8421,1024,[4478],272,5,0.13704442897802277,64,512,512,adadelta,0.054081864247936,0.46429573574730165,True,0.009593280668959207,True,0.005590397012019964,0.1014312961401944,0.008386263650487495,-0.30218870363117284
gconv,8421,1024,"[4100, 1026, 412]",87,5,0.015152455964277434,32,512,512,adamax,0.020480060304435905,0.010844098366750482,True,0.003635663725026285,False,0.010175584341792231,0.5573036233757729,0.10791370200510016,-0.3044748421726654
gconv,8421,1024,"[4454, 2439]",430,5,0.1315148369936362,256,512,512,adamax,0.2980496510496199,0.004698614622298163,True,0.00820041853939272,False,0.02101493639068091,0.0017250273762713013,0.4781129434110492,-0.30746061967165605
gconv,8421,1024,"[1506, 5000, 299, 4941]",491,5,0.04744388123484899,512,512,512,adagrad,0.003069884164735489,0.0004479007614588424,True,0.015875628862341465,False,0.00030647423524534316,0.24964202736179195,0.0001781606240831639,-0.3108883275559738
gconv,8421,1024,[1777],512,5,0.037196518843009445,512,512,512,sgd,0.0001,0.0001,False,0.0001,True,0.0010768882416838201,0.0001,0.37867073106746435,-0.3116862301434559
gconv,8421,1024,[2076],92,5,0.3486853817860617,32,512,512,adadelta,0.06256107320185299,0.010049039634012144,True,0.00013546242931018507,False,0.0012411970818473205,0.00034125499411048386,0.0009746567361147691,-0.31395191005418155
gconv,8421,1024,"[2364, 3216, 2942, 3739]",486,5,0.07441981275703614,32,512,512,adadelta,0.0031955375919054544,0.0171572151386559,False,0.007186380151576198,True,0.022436937681810622,0.000900967302875644,0.00020099008663559525,-0.31478065945526595
gconv,8421,1024,"[3108, 1776, 1662]",325,5,0.2780266251459311,128,512,512,adam,0.37538881297394866,0.00045314783260578953,False,0.0002478887746354,False,0.0017220582820556705,0.00019296362706985098,0.021408148206734284,-0.3161347003549405
gconv,8421,1024,"[4454, 2439]",430,5,0.1315148369936362,256,512,512,adamax,0.2980496510496199,0.004698614622298163,True,0.00820041853939272,False,0.02101493639068091,0.0017250273762713013,0.4781129434110492,-0.32022258231519807
gconv,8421,1024,"[4454, 2439]",430,5,0.1315148369936362,256,512,512,adamax,0.2980496510496199,0.004698614622298163,True,0.00820041853939272,False,0.02101493639068091,0.0017250273762713013,0.4781129434110492,-0.32079091063634757
gconv,8421,1024,"[1690, 893, 4269]",153,5,0.08219045294303787,256,512,512,sgd,0.0010486168512013909,0.00020914703142910958,True,0.0007620837461894561,False,0.009696341533712688,0.0002816246055674478,0.00018977140509223494,-0.3223953384494259
gconv,8421,1024,"[4688, 610, 526]",437,5,0.22079039011561308,32,512,512,adam,0.00618240010060073,0.0038801259363426877,False,0.014096127382500625,True,0.08569968571158189,0.11637078101797153,0.0005536336623510591,-0.32513604527210066
gconv,8421,1024,"[4688, 610, 526]",437,5,0.22079039011561308,32,512,512,adam,0.00618240010060073,0.0038801259363426877,False,0.014096127382500625,True,0.08569968571158189,0.11637078101797153,0.0005536336623510591,-0.3261597661515367
gconv,8421,1024,"[3108, 1776, 1662]",325,5,0.2780266251459311,128,512,512,adam,0.37538881297394866,0.00045314783260578953,False,0.0002478887746354,False,0.0017220582820556705,0.00019296362706985098,0.021408148206734284,-0.3267448903884086
gconv,8421,1024,"[1263, 2727]",509,5,0.08996946110196515,64,512,512,adagrad,0.001327922698219376,0.11359174674217933,True,0.011133170743477238,False,0.0007473156104842762,0.00283410716962404,0.2629609519633727,-0.3316739559243314
gconv,8421,1024,"[4454, 2439]",430,5,0.1315148369936362,256,512,512,adamax,0.2980496510496199,0.004698614622298163,True,0.00820041853939272,False,0.02101493639068091,0.0017250273762713013,0.4781129434110492,-0.33232417436738554
gconv,8421,1024,"[1690, 893, 4269]",153,5,0.08219045294303787,256,512,512,sgd,0.0010486168512013909,0.00020914703142910958,True,0.0007620837461894561,False,0.009696341533712688,0.0002816246055674478,0.00018977140509223494,-0.3367364794472655
gconv,8421,1024,"[1730, 2163, 4024]",316,5,0.012451695239376939,32,512,512,sgd,0.01263677002486304,0.00018436795718791937,True,0.03177516167081943,True,0.00019619432132706195,0.061373672776342696,0.001028663763639098,-0.34007337746229466
gconv,8421,1024,"[4980, 1667, 1433, 2097]",162,5,0.011083938961321423,128,512,512,adagrad,0.0004917665256139062,0.0001137518586099757,True,0.025041766095606283,False,0.00027395660290469747,0.01186532974236242,0.0012887291993544962,-0.34153588023996345
gconv,8421,1024,[3701],199,5,0.13134910129048571,32,512,512,sgd,0.01508648903403442,0.00022467258989625652,True,0.7269707827329055,True,0.13436150599116278,0.0001369383068343588,0.0007402505665971873,-0.3426042316728023
gconv,8421,1024,"[1798, 3572]",109,5,0.010634106976411489,256,512,512,sgd,0.0002810019568110522,0.00018211213932343978,False,0.00015496998499776965,False,0.03229529944738297,0.16308650132796493,0.00014620348100332503,-0.34572799552925726
gconv,8421,1024,"[2291, 1371, 4047]",158,5,0.09170886628993834,32,512,512,adadelta,0.07330664157739251,0.007655944005982956,False,0.0006725084746115605,True,0.001704772574906594,0.133664256387559,0.2555076919309519,-0.3470718980072319
gconv,8421,1024,"[5000, 754]",88,5,0.01,64,512,512,adadelta,0.017485002808942524,1.0,True,0.0025946005966222185,True,0.005097969090461254,0.009524161128238104,1.0,-0.34750060728713256
gconv,8421,1024,"[4100, 1026, 412]",87,5,0.015152455964277434,32,512,512,adamax,0.020480060304435905,0.010844098366750482,True,0.003635663725026285,False,0.010175584341792231,0.5573036233757729,0.10791370200510016,-0.35136728566779735
gconv,8421,1024,"[4454, 2439]",430,5,0.1315148369936362,256,512,512,adamax,0.2980496510496199,0.004698614622298163,True,0.00820041853939272,False,0.02101493639068091,0.0017250273762713013,0.4781129434110492,-0.35355594873281093
gconv,8421,1024,"[2484, 2708]",494,5,0.7793544349622137,32,512,512,adamax,0.19201193969220431,0.002096107622653636,True,0.013984383972430748,False,0.007812320986208455,0.004882818162861297,0.00021850418035980438,-0.3538400543683219
gconv,8421,1024,"[4688, 610, 526]",437,5,0.22079039011561308,32,512,512,adam,0.00618240010060073,0.0038801259363426877,False,0.014096127382500625,True,0.08569968571158189,0.11637078101797153,0.0005536336623510591,-0.3539779084241517
gconv,8421,1024,"[2291, 1371, 4047]",158,5,0.09170886628993834,32,512,512,adadelta,0.07330664157739251,0.007655944005982956,False,0.0006725084746115605,True,0.001704772574906594,0.133664256387559,0.2555076919309519,-0.3548371497025767
gconv,8421,1024,"[1730, 2163, 4024]",316,5,0.012451695239376939,32,512,512,sgd,0.01263677002486304,0.00018436795718791937,True,0.03177516167081943,True,0.00019619432132706195,0.061373672776342696,0.001028663763639098,-0.3554663227508656
gconv,8421,1024,"[1730, 2163, 4024]",316,5,0.012451695239376939,32,512,512,sgd,0.01263677002486304,0.00018436795718791937,True,0.03177516167081943,True,0.00019619432132706195,0.061373672776342696,0.001028663763639098,-0.35795678745107706
gconv,8421,1024,"[3108, 1776, 1662]",325,5,0.2780266251459311,128,512,512,adam,0.37538881297394866,0.00045314783260578953,False,0.0002478887746354,False,0.0017220582820556705,0.00019296362706985098,0.021408148206734284,-0.3596667033081334
gconv,8421,1024,"[3427, 2852, 2394, 2672]",147,5,0.2422146202991518,32,512,512,adadelta,0.2115880220142806,0.35478178475190286,True,0.0007984145059287798,False,0.00459240209672603,0.05416459501703245,0.00020927420293402382,-0.3613199653184052
gconv,8421,1024,"[3108, 1776, 1662]",325,5,0.2780266251459311,128,512,512,adam,0.37538881297394866,0.00045314783260578953,False,0.0002478887746354,False,0.0017220582820556705,0.00019296362706985098,0.021408148206734284,-0.36202928759929637
gconv,8421,1024,"[256, 256]",64,5,0.01,32,512,512,adamax,1.0,0.053580851887311244,True,1.0,False,0.0001,0.0001,0.0001,-0.36239081408556173
gconv,8421,1024,"[1932, 256, 2953, 2158]",94,5,1.0,128,512,512,adagrad,0.0001,0.21469994604373102,False,0.6753323093577475,True,0.00010157275250485538,0.0001,0.004585670151885489,-0.3625628122248202
gconv,8421,1024,"[5000, 256, 5000, 256]",64,5,1.0,128,512,512,adagrad,0.0001,1.0,False,0.9705164119494928,True,0.0001,0.0001,1.0,-0.36276895471017023
gconv,8421,1024,"[256, 256, 5000, 256]",512,5,1.0,64,512,512,adagrad,0.00016207826480308567,1.0,False,1.0,True,0.0001,0.00022926327277113937,1.0,-0.3629536248734648
gconv,8421,1024,"[2364, 3216, 2942, 3739]",486,5,0.07441981275703614,32,512,512,adadelta,0.0031955375919054544,0.0171572151386559,False,0.007186380151576198,True,0.022436937681810622,0.000900967302875644,0.00020099008663559525,-0.363770264998967
gconv,8421,1024,"[1690, 893, 4269]",153,5,0.08219045294303787,256,512,512,sgd,0.0010486168512013909,0.00020914703142910958,True,0.0007620837461894561,False,0.009696341533712688,0.0002816246055674478,0.00018977140509223494,-0.36396372912740327
gconv,8421,1024,"[2291, 1371, 4047]",158,5,0.09170886628993834,32,512,512,adadelta,0.07330664157739251,0.007655944005982956,False,0.0006725084746115605,True,0.001704772574906594,0.133664256387559,0.2555076919309519,-0.3681315307532043
gconv,8421,1024,"[2364, 3216, 2942, 3739]",486,5,0.07441981275703614,32,512,512,adadelta,0.0031955375919054544,0.0171572151386559,False,0.007186380151576198,True,0.022436937681810622,0.000900967302875644,0.00020099008663559525,-0.3693062705574814
gconv,8421,1024,"[2291, 1371, 4047]",158,5,0.09170886628993834,32,512,512,adadelta,0.07330664157739251,0.007655944005982956,False,0.0006725084746115605,True,0.001704772574906594,0.133664256387559,0.2555076919309519,-0.37095901055867525
gconv,8421,1024,"[1143, 4192, 3701, 2304]",387,5,0.0831554119937671,32,512,512,adam,0.4440225050506344,0.03804457258252044,True,0.08409935984407833,False,0.002478937256393291,0.0038207366926876463,0.030479967333481493,-0.3715390348686568
gconv,8421,1024,"[1690, 893, 4269]",153,5,0.08219045294303787,256,512,512,sgd,0.0010486168512013909,0.00020914703142910958,True,0.0007620837461894561,False,0.009696341533712688,0.0002816246055674478,0.00018977140509223494,-0.37361044463537924
gconv,8421,1024,"[1690, 893, 4269]",153,5,0.08219045294303787,256,512,512,sgd,0.0010486168512013909,0.00020914703142910958,True,0.0007620837461894561,False,0.009696341533712688,0.0002816246055674478,0.00018977140509223494,-0.37364661802232735
gconv,8421,1024,"[4333, 3153]",396,5,0.3514106486056859,512,512,512,adam,0.0011520660693330118,0.010916137570834594,False,0.4446989695308189,False,0.011124156741891059,0.00020268988220468152,0.0006330111121017848,-0.37614453446082874
gconv,8421,1024,"[1730, 2163, 4024]",316,5,0.012451695239376939,32,512,512,sgd,0.01263677002486304,0.00018436795718791937,True,0.03177516167081943,True,0.00019619432132706195,0.061373672776342696,0.001028663763639098,-0.3774379402720009
gconv,8421,1024,"[2364, 3216, 2942, 3739]",486,5,0.07441981275703614,32,512,512,adadelta,0.0031955375919054544,0.0171572151386559,False,0.007186380151576198,True,0.022436937681810622,0.000900967302875644,0.00020099008663559525,-0.37862339608738715
gconv,8421,1024,"[3427, 2852, 2394, 2672]",147,5,0.2422146202991518,32,512,512,adadelta,0.2115880220142806,0.35478178475190286,True,0.0007984145059287798,False,0.00459240209672603,0.05416459501703245,0.00020927420293402382,-0.3796584118207559
gconv,8421,1024,"[908, 975]",67,5,0.05736234635640235,32,512,512,adamax,1.0,0.0017858432294518979,True,1.0,False,0.0001,0.0001,0.0001,-0.3799915498914703
gconv,8421,1024,"[5000, 413, 2348, 256]",64,5,0.01,128,512,512,adagrad,0.9101740735496614,0.0001,False,0.673059851240047,True,0.0001,0.0001,0.0001,-0.3808939743265114
gconv,8421,1024,"[2291, 1371, 4047]",158,5,0.09170886628993834,32,512,512,adadelta,0.07330664157739251,0.007655944005982956,False,0.0006725084746115605,True,0.001704772574906594,0.133664256387559,0.2555076919309519,-0.38305404818280997
gconv,8421,1024,"[2769, 2728]",476,5,0.6920930526923191,32,512,512,sgd,0.0021863980457771824,0.0015676619956010765,True,0.007485739763153507,True,0.3549736507177836,0.030005785802686685,0.02932863172625366,-0.3843263751166258
gconv,8421,1024,[5000],512,5,1.0,512,512,512,adadelta,0.07722392753061245,1.0,True,0.0001,False,0.0001,1.0,1.0,-0.3878384379059225
gconv,8421,1024,"[824, 1911]",464,5,0.14586798689420732,32,512,512,adam,0.13648623403520166,0.00031193439091444576,True,0.013790811425491963,False,0.00028889846327422735,0.03188654484349285,0.0010306809665988324,-0.38832125443508925
gconv,8421,1024,"[1730, 2163, 4024]",316,5,0.012451695239376939,32,512,512,sgd,0.01263677002486304,0.00018436795718791937,True,0.03177516167081943,True,0.00019619432132706195,0.061373672776342696,0.001028663763639098,-0.3928982292745205
gconv,8421,1024,"[1913, 2823, 2386]",197,5,0.13395593659525373,256,512,512,adagrad,0.0025595717862307707,0.03397155562246182,False,0.0004694115579337842,False,0.0024983870406174676,0.20175323639907689,0.00018274527958239635,-0.3930597776647783
gconv,8421,1024,"[4688, 610, 526]",437,5,0.22079039011561308,32,512,512,adam,0.00618240010060073,0.0038801259363426877,False,0.014096127382500625,True,0.08569968571158189,0.11637078101797153,0.0005536336623510591,-0.40021426774348706
gconv,8421,1024,"[4903, 2199, 4195, 3060]",445,5,0.10273227083880347,256,512,512,adagrad,0.03587127625923806,0.0002354373510092426,False,0.004839177220509882,False,0.00024114630956985824,0.18617431777497445,0.002212353045391431,-0.40061101682742667
gconv,8421,1024,[1712],166,5,0.4969204015109829,128,512,512,adadelta,0.3462856399880143,0.0033147885127523063,False,0.0004887231011387426,False,0.06130302266253408,0.7132935494919959,0.00026904021393949173,-0.4025046002704664
gconv,8421,1024,[1945],167,5,0.24895186322014115,256,512,512,adadelta,0.14890614838146254,0.3354699291492555,False,0.4149984918935723,False,0.0001,0.0002732398352149647,0.0036820189638456144,-0.40363400572399283
gconv,8421,1024,"[3305, 1461, 4165, 256]",64,5,0.01,128,512,512,sgd,0.22372706915348692,0.0001,False,0.028778876791950684,True,0.0001,0.0002645656724964201,0.0001,-0.4064109024972433
gconv,8421,1024,[2856],388,5,0.12674473508560702,512,512,512,sgd,0.022524129334138873,0.003161209501513,False,0.00024302321235440856,False,0.00017481388563869748,0.30350912570512867,0.3001309075172892,-0.4093033252766806
gconv,8421,1024,"[3075, 1753]",312,5,0.32361838716622215,512,512,512,adadelta,0.7934872795278023,0.00215200223429986,True,0.0015848448858344934,False,0.08512358173515581,0.34280777881279306,0.22634750355390712,-0.4209479091540707
gconv,8421,1024,[3017],246,5,0.2881731081457482,512,512,512,adadelta,0.0923208476746104,0.1750217688033886,True,0.22434836393036045,False,0.07025734100958808,0.034242847637940575,0.8438859295711366,-0.4245606614363053
gconv,8421,1024,"[2769, 2728]",476,5,0.6920930526923191,32,512,512,sgd,0.0021863980457771824,0.0015676619956010765,True,0.007485739763153507,True,0.3549736507177836,0.030005785802686685,0.02932863172625366,-0.4257942357879363
gconv,8421,1024,"[2769, 2728]",476,5,0.6920930526923191,32,512,512,sgd,0.0021863980457771824,0.0015676619956010765,True,0.007485739763153507,True,0.3549736507177836,0.030005785802686685,0.02932863172625366,-0.42609249678460454
gconv,8421,1024,"[2769, 2728]",476,5,0.6920930526923191,32,512,512,sgd,0.0021863980457771824,0.0015676619956010765,True,0.007485739763153507,True,0.3549736507177836,0.030005785802686685,0.02932863172625366,-0.42707635684008266
gconv,8421,1024,"[4675, 2467]",481,5,0.050128459360156474,256,512,512,adam,0.20572375566257772,0.004580466855378501,True,0.016403901732587545,False,0.10026799173884421,0.008958256972556668,0.0018428353151394375,-0.4280111674016428
gconv,8421,1024,"[2436, 4852, 3874, 372]",291,5,0.6657470974901415,256,512,512,sgd,0.0033203789537165755,0.006802575209885902,False,0.033808971038671594,True,0.0004189087026449687,0.0002761742088666718,0.00023821658643118676,-0.43027250438515197
gconv,8421,1024,"[4675, 2467]",481,5,0.050128459360156474,256,512,512,adam,0.20572375566257772,0.004580466855378501,True,0.016403901732587545,False,0.10026799173884421,0.008958256972556668,0.0018428353151394375,-0.4303201736053591
gconv,8421,1024,"[5000, 4386, 1787, 2912]",313,5,1.0,256,512,512,rmsprop,0.10876149242113084,0.8742862268356851,True,0.000548316496844284,True,0.0001,0.004539897665103791,0.022171581874404166,-0.4318469688293844
gconv,8421,1024,"[2364, 3216, 2942, 3739]",486,5,0.07441981275703614,32,512,512,adadelta,0.0031955375919054544,0.0171572151386559,False,0.007186380151576198,True,0.022436937681810622,0.000900967302875644,0.00020099008663559525,-0.4344393734110938
gconv,8421,1024,"[3108, 1776, 1662]",325,5,0.2780266251459311,128,512,512,adam,0.37538881297394866,0.00045314783260578953,False,0.0002478887746354,False,0.0017220582820556705,0.00019296362706985098,0.021408148206734284,-0.4344398492000384
gconv,8421,1024,"[4688, 610, 526]",437,5,0.22079039011561308,32,512,512,adam,0.00618240010060073,0.0038801259363426877,False,0.014096127382500625,True,0.08569968571158189,0.11637078101797153,0.0005536336623510591,-0.4364396201784018
gconv,8421,1024,"[1738, 3507]",110,5,0.014965423772467496,128,512,512,adam,0.1355958641564935,0.00405655191229702,False,0.010477805602353608,False,0.0625342001719605,0.20706826991114924,0.0005991430769858475,-0.43863591248732203
gconv,8421,1024,"[2769, 2728]",476,5,0.6920930526923191,32,512,512,sgd,0.0021863980457771824,0.0015676619956010765,True,0.007485739763153507,True,0.3549736507177836,0.030005785802686685,0.02932863172625366,-0.4388597315497902
gconv,8421,1024,"[1738, 3507]",110,5,0.014965423772467496,128,512,512,adam,0.1355958641564935,0.00405655191229702,False,0.010477805602353608,False,0.0625342001719605,0.20706826991114924,0.0005991430769858475,-0.4393329135677878
gconv,8421,1024,"[1263, 2727]",509,5,0.08996946110196515,64,512,512,adagrad,0.001327922698219376,0.11359174674217933,True,0.011133170743477238,False,0.0007473156104842762,0.00283410716962404,0.2629609519633727,-0.44252672813867727
gconv,8421,1024,"[1738, 3507]",110,5,0.014965423772467496,128,512,512,adam,0.1355958641564935,0.00405655191229702,False,0.010477805602353608,False,0.0625342001719605,0.20706826991114924,0.0005991430769858475,-0.44306590883893193
gconv,8421,1024,[3017],246,5,0.2881731081457482,512,512,512,adadelta,0.0923208476746104,0.1750217688033886,True,0.22434836393036045,False,0.07025734100958808,0.034242847637940575,0.8438859295711366,-0.44350855331695976
gconv,8421,1024,"[4675, 2467]",481,5,0.050128459360156474,256,512,512,adam,0.20572375566257772,0.004580466855378501,True,0.016403901732587545,False,0.10026799173884421,0.008958256972556668,0.0018428353151394375,-0.44410552409534126
gconv,8421,1024,"[1913, 2823, 2386]",197,5,0.13395593659525373,256,512,512,adagrad,0.0025595717862307707,0.03397155562246182,False,0.0004694115579337842,False,0.0024983870406174676,0.20175323639907689,0.00018274527958239635,-0.44652538329046876
gconv,8421,1024,[5000],64,5,0.07817688447447216,32,512,512,sgd,0.0023886326279079855,0.0001,False,0.47123260867552524,False,0.0006029740655182196,0.0001,0.03552927404138234,-0.45489139485972685
gconv,8421,1024,"[4675, 2467]",481,5,0.050128459360156474,256,512,512,adam,0.20572375566257772,0.004580466855378501,True,0.016403901732587545,False,0.10026799173884421,0.008958256972556668,0.0018428353151394375,-0.45529687515164574
gconv,8421,1024,"[2436, 4852, 3874, 372]",291,5,0.6657470974901415,256,512,512,sgd,0.0033203789537165755,0.006802575209885902,False,0.033808971038671594,True,0.0004189087026449687,0.0002761742088666718,0.00023821658643118676,-0.45675366916829385
gconv,8421,1024,[3017],246,5,0.2881731081457482,512,512,512,adadelta,0.0923208476746104,0.1750217688033886,True,0.22434836393036045,False,0.07025734100958808,0.034242847637940575,0.8438859295711366,-0.45702765371340176
gconv,8421,1024,"[1921, 4000, 4111, 505]",65,5,0.39525442400891325,512,512,512,adam,0.02768354245280072,0.30260374845341836,False,0.004581424342340548,True,0.003914275021118801,0.052122700999604844,0.2749156884159788,-0.4575128245346852
gconv,8421,1024,"[1185, 4199, 453, 4852]",74,5,0.17339029256379068,32,512,512,sgd,0.00032084647373344013,0.0006497909807212656,True,0.014224768585319403,True,0.0018289210029557362,0.2172256168052895,0.0002643259060304592,-0.4606517138952343
gconv,8421,1024,"[4298, 1843, 3969]",89,5,0.29727341875645696,32,512,512,adagrad,0.0003881905420794915,0.005937703788475794,False,0.008518142274278101,True,0.04647973240193682,0.19985541851669286,0.0007266654821379712,-0.4627478243174129
gconv,8421,1024,"[1221, 793]",456,5,0.3777655126626695,512,512,512,rmsprop,0.0010771645575971924,0.0045948549608323275,True,0.0026979257425942286,False,0.00011609945950453504,0.0009166877140955453,0.002695272499385872,-0.46364916577394655
gconv,8421,1024,"[1185, 4199, 453, 4852]",74,5,0.17339029256379068,32,512,512,sgd,0.00032084647373344013,0.0006497909807212656,True,0.014224768585319403,True,0.0018289210029557362,0.2172256168052895,0.0002643259060304592,-0.46947668269387227
gconv,8421,1024,"[1913, 2823, 2386]",197,5,0.13395593659525373,256,512,512,adagrad,0.0025595717862307707,0.03397155562246182,False,0.0004694115579337842,False,0.0024983870406174676,0.20175323639907689,0.00018274527958239635,-0.47122939861958246
gconv,8421,1024,[3017],246,5,0.2881731081457482,512,512,512,adadelta,0.0923208476746104,0.1750217688033886,True,0.22434836393036045,False,0.07025734100958808,0.034242847637940575,0.8438859295711366,-0.4731512239896345
gconv,8421,1024,"[1878, 463, 1255, 3802]",403,5,0.13785335759624304,32,512,512,adamax,0.3656743776076767,0.02286946139217418,False,0.004562771782295166,True,0.00010460401071627923,0.010853472766289118,0.00019307516269423977,-0.47414533866813774
gconv,8421,1024,"[4051, 4781]",178,5,0.13416250536917904,512,512,512,adam,0.0006593113366233622,0.004753207596308062,True,0.0001845859757272745,False,0.00039755439953528284,0.03170403059521885,0.0006285676688467875,-0.4765019808048736
gconv,8421,1024,"[1185, 4199, 453, 4852]",74,5,0.17339029256379068,32,512,512,sgd,0.00032084647373344013,0.0006497909807212656,True,0.014224768585319403,True,0.0018289210029557362,0.2172256168052895,0.0002643259060304592,-0.47684478695012505
gconv,8421,1024,"[4333, 3153]",396,5,0.3514106486056859,512,512,512,adam,0.0011520660693330118,0.010916137570834594,False,0.4446989695308189,False,0.011124156741891059,0.00020268988220468152,0.0006330111121017848,-0.48326070768477575
gconv,8421,1024,"[4675, 2467]",481,5,0.050128459360156474,256,512,512,adam,0.20572375566257772,0.004580466855378501,True,0.016403901732587545,False,0.10026799173884421,0.008958256972556668,0.0018428353151394375,-0.48690747389378575
gconv,8421,1024,"[4563, 2145]",476,5,0.6222993420522805,512,512,512,adagrad,0.11528542227119176,0.008623525748234976,False,0.0001008431158441838,False,0.011212960654913447,0.0006080441136717699,0.00027262436680519045,-0.4884126876530435
gconv,8421,1024,"[1738, 3507]",110,5,0.014965423772467496,128,512,512,adam,0.1355958641564935,0.00405655191229702,False,0.010477805602353608,False,0.0625342001719605,0.20706826991114924,0.0005991430769858475,-0.48925523706771007
gconv,8421,1024,"[1263, 2727]",509,5,0.08996946110196515,64,512,512,adagrad,0.001327922698219376,0.11359174674217933,True,0.011133170743477238,False,0.0007473156104842762,0.00283410716962404,0.2629609519633727,-0.4915848677590477
gconv,8421,1024,"[1185, 4199, 453, 4852]",74,5,0.17339029256379068,32,512,512,sgd,0.00032084647373344013,0.0006497909807212656,True,0.014224768585319403,True,0.0018289210029557362,0.2172256168052895,0.0002643259060304592,-0.4945285506291461
gconv,8421,1024,"[4298, 1843, 3969]",89,5,0.29727341875645696,32,512,512,adagrad,0.0003881905420794915,0.005937703788475794,False,0.008518142274278101,True,0.04647973240193682,0.19985541851669286,0.0007266654821379712,-0.4954653827267793
gconv,8421,1024,"[4298, 1843, 3969]",89,5,0.29727341875645696,32,512,512,adagrad,0.0003881905420794915,0.005937703788475794,False,0.008518142274278101,True,0.04647973240193682,0.19985541851669286,0.0007266654821379712,-0.4978396439027566
gconv,8421,1024,"[1913, 2823, 2386]",197,5,0.13395593659525373,256,512,512,adagrad,0.0025595717862307707,0.03397155562246182,False,0.0004694115579337842,False,0.0024983870406174676,0.20175323639907689,0.00018274527958239635,-0.5002474071812997
gconv,8421,1024,"[5000, 2663, 3208, 4741]",135,5,0.020188868991798878,128,512,512,adagrad,0.09780571364711257,0.000479450221652819,False,0.00019291934630672115,False,0.00026408072946252704,1.0,0.0006095315080785973,-0.5104771809065495
gconv,8421,1024,"[2178, 1158, 2572, 2639]",245,5,0.02302453400044258,32,512,512,adagrad,0.0011578300820105593,0.33526482425879894,False,0.008125347336415277,True,0.00016845348482920214,0.0004247573607883566,0.002261882326425276,-0.5128283100455225
gconv,8421,1024,"[4298, 1843, 3969]",89,5,0.29727341875645696,32,512,512,adagrad,0.0003881905420794915,0.005937703788475794,False,0.008518142274278101,True,0.04647973240193682,0.19985541851669286,0.0007266654821379712,-0.5162244648975353
gconv,8421,1024,"[1913, 2823, 2386]",197,5,0.13395593659525373,256,512,512,adagrad,0.0025595717862307707,0.03397155562246182,False,0.0004694115579337842,False,0.0024983870406174676,0.20175323639907689,0.00018274527958239635,-0.517997855914644
gconv,8421,1024,"[4563, 2145]",476,5,0.6222993420522805,512,512,512,adagrad,0.11528542227119176,0.008623525748234976,False,0.0001008431158441838,False,0.011212960654913447,0.0006080441136717699,0.00027262436680519045,-0.5183194289497832
gconv,8421,1024,[725],185,5,0.0169702222304859,256,512,512,sgd,0.06854408803554346,0.025327289046877838,True,0.02909699426963267,True,0.0005070162202440388,0.006388576727790634,0.4892652030537884,-0.5195513894773739
gconv,8421,1024,"[1738, 3507]",110,5,0.014965423772467496,128,512,512,adam,0.1355958641564935,0.00405655191229702,False,0.010477805602353608,False,0.0625342001719605,0.20706826991114924,0.0005991430769858475,-0.5198595368751613
gconv,8421,1024,"[4598, 3333]",103,5,0.2155050059551138,128,512,512,adam,0.004607586293380682,0.014621977300893391,False,0.0026880382261823574,True,0.0001317101718314279,0.03655794085748084,0.8171997719021525,-0.5227743171823921
gconv,8421,1024,"[2210, 3000, 3695]",65,5,0.018886466221431975,256,512,512,adam,0.3745586646584566,0.009809935909163748,True,0.006868447472708193,False,0.00010498490443410527,0.004593141967837462,0.00023401922752178987,-0.5255290352471536
gconv,8421,1024,"[3580, 2370]",316,5,0.11232306308677445,32,512,512,adam,0.0010146996936457003,0.10568501630786369,True,0.9600696930195113,True,0.004306649879554662,0.001681175589260604,0.12883885522112057,-0.527160441866272
gconv,8421,1024,"[1420, 2751, 4661, 757]",405,5,0.022927834903743286,512,512,512,adagrad,0.6985843307557109,0.006596774640186553,False,0.000982349169076126,False,0.0007462488960542899,0.9771196246823745,0.0022952471022759536,-0.5359222087514757
gconv,8421,1024,"[4298, 1843, 3969]",89,5,0.29727341875645696,32,512,512,adagrad,0.0003881905420794915,0.005937703788475794,False,0.008518142274278101,True,0.04647973240193682,0.19985541851669286,0.0007266654821379712,-0.5392953098280644
gconv,8421,1024,"[1185, 4199, 453, 4852]",74,5,0.17339029256379068,32,512,512,sgd,0.00032084647373344013,0.0006497909807212656,True,0.014224768585319403,True,0.0018289210029557362,0.2172256168052895,0.0002643259060304592,-0.5395642823359282
gconv,8421,1024,[5000],64,5,0.01,128,512,512,adagrad,1.0,0.0001,True,0.0001,True,0.0001,1.0,0.0001,-0.543717035018393
gconv,8421,1024,"[1622, 1447]",178,5,0.5641131356503174,32,512,512,adadelta,0.0022107192421923403,0.00018843755106932327,False,0.5614877135839194,True,0.00010810800375775247,0.07552626367417128,0.005206356472779414,-0.5484452367968073
gconv,8421,1024,[2856],388,5,0.12674473508560702,512,512,512,sgd,0.022524129334138873,0.003161209501513,False,0.00024302321235440856,False,0.00017481388563869748,0.30350912570512867,0.3001309075172892,-0.5496945072423794
gconv,8421,1024,"[4392, 5000, 256, 5000]",190,5,0.01,128,512,512,adagrad,1.0,0.0001,False,0.0001,True,0.0347876893655183,1.0,0.0001,-0.5548908873353915
gconv,8421,1024,"[1622, 1447]",178,5,0.5641131356503174,32,512,512,adadelta,0.0022107192421923403,0.00018843755106932327,False,0.5614877135839194,True,0.00010810800375775247,0.07552626367417128,0.005206356472779414,-0.5551222322227404
gconv,8421,1024,"[4788, 2119, 4955]",180,5,0.45222137891012215,64,512,512,rmsprop,0.668328404278312,0.00012288183981058057,False,0.002431833945131782,True,0.00011421799206694493,0.001226577395031168,0.0008264268140497318,-0.5598292287374773
gconv,8421,1024,[2856],388,5,0.12674473508560702,512,512,512,sgd,0.022524129334138873,0.003161209501513,False,0.00024302321235440856,False,0.00017481388563869748,0.30350912570512867,0.3001309075172892,-0.5620852245298674
gconv,8421,1024,"[957, 4465]",174,5,0.01097576228975726,32,512,512,rmsprop,0.3489521258720723,0.00028638371509545667,True,0.0034945893959348806,True,0.00840562949068711,0.006926499382976032,0.05459701492529353,-0.5640758990851393
gconv,8421,1024,[2856],388,5,0.12674473508560702,512,512,512,sgd,0.022524129334138873,0.003161209501513,False,0.00024302321235440856,False,0.00017481388563869748,0.30350912570512867,0.3001309075172892,-0.5646117348015463
gconv,8421,1024,"[1622, 1447]",178,5,0.5641131356503174,32,512,512,adadelta,0.0022107192421923403,0.00018843755106932327,False,0.5614877135839194,True,0.00010810800375775247,0.07552626367417128,0.005206356472779414,-0.5686733220406649
gconv,8421,1024,"[2210, 3000, 3695]",65,5,0.018886466221431975,256,512,512,adam,0.3745586646584566,0.009809935909163748,True,0.006868447472708193,False,0.00010498490443410527,0.004593141967837462,0.00023401922752178987,-0.569933644645382
gconv,8421,1024,"[1090, 1027]",257,5,0.06501020676168912,64,512,512,rmsprop,0.09295781197226007,0.011846511162356582,True,0.000395452400128841,True,0.0014159717066162577,0.010588470199096608,0.0006475607514042443,-0.5754849720578948
gconv,8421,1024,"[4788, 2119, 4955]",180,5,0.45222137891012215,64,512,512,rmsprop,0.668328404278312,0.00012288183981058057,False,0.002431833945131782,True,0.00011421799206694493,0.001226577395031168,0.0008264268140497318,-0.5767354955619186
gconv,8421,1024,"[1622, 1447]",178,5,0.5641131356503174,32,512,512,adadelta,0.0022107192421923403,0.00018843755106932327,False,0.5614877135839194,True,0.00010810800375775247,0.07552626367417128,0.005206356472779414,-0.5790982813572415
gconv,8421,1024,"[1090, 1027]",257,5,0.06501020676168912,64,512,512,rmsprop,0.09295781197226007,0.011846511162356582,True,0.000395452400128841,True,0.0014159717066162577,0.010588470199096608,0.0006475607514042443,-0.5796370183137246
gconv,8421,1024,"[4630, 2620]",210,5,0.3160399723598393,512,512,512,adam,0.12019836871264854,0.03395929206784199,True,0.007888880685145533,False,0.03133912017090041,0.03117176044531168,0.0015738575372738267,-0.5817660738587074
gconv,8421,1024,"[2054, 2543]",157,5,0.5220572783170265,512,512,512,adam,0.48160524259892246,0.007596476697004327,False,0.00025849402360153615,True,0.0020093117834606385,0.0035231322400214125,0.24065426207172147,-0.5821377806230336
gconv,8421,1024,"[1622, 1447]",178,5,0.5641131356503174,32,512,512,adadelta,0.0022107192421923403,0.00018843755106932327,False,0.5614877135839194,True,0.00010810800375775247,0.07552626367417128,0.005206356472779414,-0.5852680377893201
gconv,8421,1024,"[1090, 1027]",257,5,0.06501020676168912,64,512,512,rmsprop,0.09295781197226007,0.011846511162356582,True,0.000395452400128841,True,0.0014159717066162577,0.010588470199096608,0.0006475607514042443,-0.5866244670902764
gconv,8421,1024,"[2210, 3000, 3695]",65,5,0.018886466221431975,256,512,512,adam,0.3745586646584566,0.009809935909163748,True,0.006868447472708193,False,0.00010498490443410527,0.004593141967837462,0.00023401922752178987,-0.5882876575269992
gconv,8421,1024,"[408, 3710, 2191, 4904]",245,5,0.7813853276646885,64,512,512,adagrad,0.0027161654922286246,0.00032366346160249757,False,0.0013592271733364957,False,0.0007132624508909209,0.4099911227461662,0.028643509810598315,-0.5884131613282327
gconv,8421,1024,"[4788, 2119, 4955]",180,5,0.45222137891012215,64,512,512,rmsprop,0.668328404278312,0.00012288183981058057,False,0.002431833945131782,True,0.00011421799206694493,0.001226577395031168,0.0008264268140497318,-0.5899576838740916
gconv,8421,1024,"[4822, 326, 3987]",248,5,0.013677373737102193,512,512,512,adam,0.22839737630563742,0.07715645687661137,True,0.0006240272101339776,False,0.8501268806885102,0.00011134725482090268,0.06931656150414858,-0.5951486499204046
gconv,8421,1024,"[4158, 256, 4556, 2827]",401,5,0.776744056827974,128,512,512,adagrad,0.0001,0.04209713356821828,False,0.21522299492378583,True,0.009791980159005764,0.0024171015589912665,0.0008657775329316457,-0.5960263747855217
gconv,8421,1024,"[4630, 2620]",210,5,0.3160399723598393,512,512,512,adam,0.12019836871264854,0.03395929206784199,True,0.007888880685145533,False,0.03133912017090041,0.03117176044531168,0.0015738575372738267,-0.5971289786700137
gconv,8421,1024,"[4505, 4736, 682]",225,5,0.973151392613907,128,512,512,adagrad,0.08366445830647079,0.2807127582907258,False,0.6899919963113821,True,0.021240889154719084,0.009223537396065325,0.07373208347405688,-0.5971919512589408
gconv,8421,1024,"[3736, 1215, 4374, 2173]",374,5,0.021591014552091076,512,512,512,rmsprop,0.14072393604600095,0.006627752017144628,True,0.002604815156853613,False,0.000382268015422261,0.033263885127871706,0.22982189269249376,-0.5987177270035033
gconv,8421,1024,"[1090, 1027]",257,5,0.06501020676168912,64,512,512,rmsprop,0.09295781197226007,0.011846511162356582,True,0.000395452400128841,True,0.0014159717066162577,0.010588470199096608,0.0006475607514042443,-0.59914591031089
gconv,8421,1024,"[1263, 2727]",509,5,0.08996946110196515,64,512,512,adagrad,0.001327922698219376,0.11359174674217933,True,0.011133170743477238,False,0.0007473156104842762,0.00283410716962404,0.2629609519633727,-0.5991630806046545
gconv,8421,1024,"[2054, 2543]",157,5,0.5220572783170265,512,512,512,adam,0.48160524259892246,0.007596476697004327,False,0.00025849402360153615,True,0.0020093117834606385,0.0035231322400214125,0.24065426207172147,-0.5996395415129327
gconv,8421,1024,[794],320,5,0.08918758095690177,256,512,512,adadelta,0.000891994148106596,0.000124705659421538,False,0.00041024836962347944,True,0.10021536995745946,0.001449314146350641,0.00010023625864325301,-0.6043413300418297
gconv,8421,1024,"[4630, 2620]",210,5,0.3160399723598393,512,512,512,adam,0.12019836871264854,0.03395929206784199,True,0.007888880685145533,False,0.03133912017090041,0.03117176044531168,0.0015738575372738267,-0.6063054425884354
gconv,8421,1024,"[5000, 1104, 5000, 256]",64,5,0.9612659244312284,128,512,512,adagrad,0.0001,1.0,False,0.000504677212087472,True,0.0001,0.01637574264227367,0.03152595195991077,-0.607179549713183
gconv,8421,1024,"[3161, 1648, 1026]",116,5,0.8181994395289963,512,512,512,adadelta,0.024767119676247982,0.00015642054663547188,True,0.21530363950682505,True,0.14807512753235663,0.015230027362847435,0.33675230957413055,-0.6073919847281337
gconv,8421,1024,"[3736, 1215, 4374, 2173]",374,5,0.021591014552091076,512,512,512,rmsprop,0.14072393604600095,0.006627752017144628,True,0.002604815156853613,False,0.000382268015422261,0.033263885127871706,0.22982189269249376,-0.6084648580760147
gconv,8421,1024,"[1921, 4000, 4111, 505]",65,5,0.39525442400891325,512,512,512,adam,0.02768354245280072,0.30260374845341836,False,0.004581424342340548,True,0.003914275021118801,0.052122700999604844,0.2749156884159788,-0.6100456157807786
gconv,8421,1024,"[4822, 326, 3987]",248,5,0.013677373737102193,512,512,512,adam,0.22839737630563742,0.07715645687661137,True,0.0006240272101339776,False,0.8501268806885102,0.00011134725482090268,0.06931656150414858,-0.611129777814054
gconv,8421,1024,[2856],388,5,0.12674473508560702,512,512,512,sgd,0.022524129334138873,0.003161209501513,False,0.00024302321235440856,False,0.00017481388563869748,0.30350912570512867,0.3001309075172892,-0.6112585348462894
gconv,8421,1024,"[3736, 1215, 4374, 2173]",374,5,0.021591014552091076,512,512,512,rmsprop,0.14072393604600095,0.006627752017144628,True,0.002604815156853613,False,0.000382268015422261,0.033263885127871706,0.22982189269249376,-0.611977865599729
gconv,8421,1024,"[2054, 2543]",157,5,0.5220572783170265,512,512,512,adam,0.48160524259892246,0.007596476697004327,False,0.00025849402360153615,True,0.0020093117834606385,0.0035231322400214125,0.24065426207172147,-0.6151557717103553
gconv,8421,1024,"[4822, 326, 3987]",248,5,0.013677373737102193,512,512,512,adam,0.22839737630563742,0.07715645687661137,True,0.0006240272101339776,False,0.8501268806885102,0.00011134725482090268,0.06931656150414858,-0.6162193884664264
gconv,8421,1024,"[4788, 2119, 4955]",180,5,0.45222137891012215,64,512,512,rmsprop,0.668328404278312,0.00012288183981058057,False,0.002431833945131782,True,0.00011421799206694493,0.001226577395031168,0.0008264268140497318,-0.6217651281954742
gconv,8421,1024,"[1263, 2727]",509,5,0.08996946110196515,64,512,512,adagrad,0.001327922698219376,0.11359174674217933,True,0.011133170743477238,False,0.0007473156104842762,0.00283410716962404,0.2629609519633727,-0.6220810813510229
gconv,8421,1024,"[2054, 2543]",157,5,0.5220572783170265,512,512,512,adam,0.48160524259892246,0.007596476697004327,False,0.00025849402360153615,True,0.0020093117834606385,0.0035231322400214125,0.24065426207172147,-0.6226000383097042
gconv,8421,1024,"[2054, 2543]",157,5,0.5220572783170265,512,512,512,adam,0.48160524259892246,0.007596476697004327,False,0.00025849402360153615,True,0.0020093117834606385,0.0035231322400214125,0.24065426207172147,-0.6238241992178343
gconv,8421,1024,"[2668, 5000, 4699, 256]",64,5,0.01,128,512,512,adagrad,0.10331334843636175,0.0001,False,0.01750626455173394,True,0.008279331728871235,1.0,0.0001,-0.6257858755379946
gconv,8421,1024,"[4153, 256, 4546, 2837]",403,5,0.7767969901826856,128,512,512,adagrad,0.0002052821728263198,0.04190229993829992,False,0.21425206779751838,True,0.010103054562224066,0.002448022711222105,0.0008660755367029986,-0.6290631644882944
gconv,8421,1024,"[3736, 1215, 4374, 2173]",374,5,0.021591014552091076,512,512,512,rmsprop,0.14072393604600095,0.006627752017144628,True,0.002604815156853613,False,0.000382268015422261,0.033263885127871706,0.22982189269249376,-0.6340927069892808
gconv,8421,1024,"[957, 4465]",174,5,0.01097576228975726,32,512,512,rmsprop,0.3489521258720723,0.00028638371509545667,True,0.0034945893959348806,True,0.00840562949068711,0.006926499382976032,0.05459701492529353,-0.6403879649718206
gconv,8421,1024,"[3736, 1215, 4374, 2173]",374,5,0.021591014552091076,512,512,512,rmsprop,0.14072393604600095,0.006627752017144628,True,0.002604815156853613,False,0.000382268015422261,0.033263885127871706,0.22982189269249376,-0.6414199912966084
gconv,8421,1024,"[4630, 2620]",210,5,0.3160399723598393,512,512,512,adam,0.12019836871264854,0.03395929206784199,True,0.007888880685145533,False,0.03133912017090041,0.03117176044531168,0.0015738575372738267,-0.6418412437672091
gconv,8421,1024,"[2695, 3714, 3909, 4613]",305,5,0.688374122310414,32,512,512,adam,0.00021657937201831532,0.035005820562999904,True,0.05337918682681145,False,0.0005874705385090881,0.00017336485468569598,0.02421248921462283,-0.6527841213805269
gconv,8421,1024,[1848],268,5,0.29323685819778206,32,512,512,adagrad,0.00048276914518620553,0.2203849088903797,False,0.22105572568540013,True,0.044261189239364465,0.00016308856507209684,0.05265647274773617,-0.6614200991802629
gconv,8421,1024,"[1723, 3644]",328,5,0.3355134978921503,128,512,512,rmsprop,0.32694643976556464,0.00673408338284429,False,0.1447673233122374,False,0.08080983376630504,0.011599869215225619,0.00018153488288627238,-0.6647884921699817
gconv,8421,1024,"[2695, 3714, 3909, 4613]",305,5,0.688374122310414,32,512,512,adam,0.00021657937201831532,0.035005820562999904,True,0.05337918682681145,False,0.0005874705385090881,0.00017336485468569598,0.02421248921462283,-0.676690774513911
gconv,8421,1024,"[4630, 2620]",210,5,0.3160399723598393,512,512,512,adam,0.12019836871264854,0.03395929206784199,True,0.007888880685145533,False,0.03133912017090041,0.03117176044531168,0.0015738575372738267,-0.6845880634875171
gconv,8421,1024,"[256, 2308]",404,5,0.013322683934201045,256,512,512,adadelta,0.9431759369215101,0.2154802123354512,False,0.00042781253300121566,True,0.07152959221670593,0.00010016599900864343,0.0001,-0.6870027623410467
gconv,8421,1024,"[4822, 326, 3987]",248,5,0.013677373737102193,512,512,512,adam,0.22839737630563742,0.07715645687661137,True,0.0006240272101339776,False,0.8501268806885102,0.00011134725482090268,0.06931656150414858,-0.7007140465159549
gconv,8421,1024,"[4856, 2650]",417,5,0.18788351417837945,64,512,512,rmsprop,0.003671986649693942,0.06092621320812079,True,0.0002307510016042578,False,0.0004402573492339207,0.000817758511676141,0.006677560245233415,-0.7043753860460367
gconv,8421,1024,"[2210, 3000, 3695]",65,5,0.018886466221431975,256,512,512,adam,0.3745586646584566,0.009809935909163748,True,0.006868447472708193,False,0.00010498490443410527,0.004593141967837462,0.00023401922752178987,-0.7046528395024333
gconv,8421,1024,"[463, 3792, 3682, 1879]",194,5,0.03415009085924511,256,512,512,adamax,0.030068953285509785,0.08203083506474816,True,0.14031632632215188,False,0.0008587064271627555,0.04886947027413684,0.0006033604901498657,-0.7063815961972788
gconv,8421,1024,"[650, 4482, 3627, 3650]",385,5,0.036157851881100975,512,512,512,adamax,0.004715741640870717,0.4029859318868116,False,0.039723820197390854,True,0.018605350119887298,0.006827209773827172,0.484553018887844,-0.7089809536684444
gconv,8421,1024,"[4822, 326, 3987]",248,5,0.013677373737102193,512,512,512,adam,0.22839737630563742,0.07715645687661137,True,0.0006240272101339776,False,0.8501268806885102,0.00011134725482090268,0.06931656150414858,-0.7171705687973452
gconv,8421,1024,"[4148, 3873, 946, 1018]",392,5,0.0163398666006262,512,512,512,rmsprop,0.052710685163430755,0.13352703787791653,True,0.0040380663746905346,False,0.02077881781264903,0.028043719621086392,0.020374302325809807,-0.7328195437936892
gconv,8421,1024,"[1088, 3975, 1700]",445,5,0.01388175179679872,512,512,512,adagrad,1.0,0.0491482955949527,True,0.0003820240683990088,True,0.25764852684861467,0.0038807234626289794,0.0073138886896583055,-0.7351825783049541
gconv,8421,1024,"[4333, 3153]",396,5,0.3514106486056859,512,512,512,adam,0.0011520660693330118,0.010916137570834594,False,0.4446989695308189,False,0.011124156741891059,0.00020268988220468152,0.0006330111121017848,-0.7453559576680251
gconv,8421,1024,"[463, 3792, 3682, 1879]",194,5,0.03415009085924511,256,512,512,adamax,0.030068953285509785,0.08203083506474816,True,0.14031632632215188,False,0.0008587064271627555,0.04886947027413684,0.0006033604901498657,-0.7486038940872698
gconv,8421,1024,"[2210, 3000, 3695]",65,5,0.018886466221431975,256,512,512,adam,0.3745586646584566,0.009809935909163748,True,0.006868447472708193,False,0.00010498490443410527,0.004593141967837462,0.00023401922752178987,-0.7504898486441178
gconv,8421,1024,"[492, 2002, 4145]",281,5,0.28052925704040593,128,512,512,rmsprop,0.00025942040922729735,0.013325619320061115,False,0.00042116200922152533,False,0.0004993999080260425,0.06672135167574594,0.4474201516934353,-0.7664787923139312
gconv,8421,1024,"[684, 3010, 2871]",231,5,0.43180074314178923,128,512,512,sgd,0.0008397451400572053,0.00480054156554576,True,0.0027188666493065485,True,0.00027955843986546464,0.00046124433195725154,0.008088221108322744,-0.7719599473332619
gconv,8421,1024,"[463, 3792, 3682, 1879]",194,5,0.03415009085924511,256,512,512,adamax,0.030068953285509785,0.08203083506474816,True,0.14031632632215188,False,0.0008587064271627555,0.04886947027413684,0.0006033604901498657,-0.7942590030047442
gconv,8421,1024,"[463, 3792, 3682, 1879]",194,5,0.03415009085924511,256,512,512,adamax,0.030068953285509785,0.08203083506474816,True,0.14031632632215188,False,0.0008587064271627555,0.04886947027413684,0.0006033604901498657,-0.8094551109457364
gconv,8421,1024,"[3630, 921, 4768]",321,5,0.020076970416410815,512,512,512,adamax,0.007190851906168573,0.27621186095607797,True,0.01416478476086448,False,0.0028632824496850747,0.0020322032606849764,0.03369424137744104,-0.8543947664204372
gconv,8421,1024,"[1090, 1027]",257,5,0.06501020676168912,64,512,512,rmsprop,0.09295781197226007,0.011846511162356582,True,0.000395452400128841,True,0.0014159717066162577,0.010588470199096608,0.0006475607514042443,-0.8801300051829867
gconv,8421,1024,"[2591, 1315, 1807]",343,5,0.5336666134685034,32,512,512,adam,0.0012765036912079674,0.7559438540126628,True,0.29628165480474994,False,0.944435640737159,0.023007417292616315,0.4669555604657292,-0.970175630809767
gconv,8421,1024,"[4333, 3153]",396,5,0.3514106486056859,512,512,512,adam,0.0011520660693330118,0.010916137570834594,False,0.4446989695308189,False,0.011124156741891059,0.00020268988220468152,0.0006330111121017848,-1.0151538693296749
gconv,8421,1024,"[4148, 3873, 946, 1018]",392,5,0.0163398666006262,512,512,512,rmsprop,0.052710685163430755,0.13352703787791653,True,0.0040380663746905346,False,0.02077881781264903,0.028043719621086392,0.020374302325809807,-1.0247402307457418
gconv,8421,1024,"[2178, 1158, 2572, 2639]",245,5,0.02302453400044258,32,512,512,adagrad,0.0011578300820105593,0.33526482425879894,False,0.008125347336415277,True,0.00016845348482920214,0.0004247573607883566,0.002261882326425276,-1.0247415632397892
gconv,8421,1024,"[4889, 3696, 3730, 1198]",470,5,0.41079349454421166,256,512,512,adagrad,0.32611951019963625,0.022349572541651562,False,0.3727721129090995,False,0.00017968466358395604,0.004415550641627907,0.0014419030621352288,-1.0335882898528639
gconv,8421,1024,"[463, 3792, 3682, 1879]",194,5,0.03415009085924511,256,512,512,adamax,0.030068953285509785,0.08203083506474816,True,0.14031632632215188,False,0.0008587064271627555,0.04886947027413684,0.0006033604901498657,-1.0528840762605953
gconv,8421,1024,"[650, 4482, 3627, 3650]",385,5,0.036157851881100975,512,512,512,adamax,0.004715741640870717,0.4029859318868116,False,0.039723820197390854,True,0.018605350119887298,0.006827209773827172,0.484553018887844,-1.0657289503065082
gconv,8421,1024,[2443],493,5,0.04481556551164708,512,512,512,rmsprop,0.0053373472528344314,0.005319469429416598,True,0.01570654006604546,False,0.3315949424048714,0.000170484132776766,0.0010346584844580676,-1.0665335085786591
gconv,8421,1024,"[4333, 3153]",396,5,0.3514106486056859,512,512,512,adam,0.0011520660693330118,0.010916137570834594,False,0.4446989695308189,False,0.011124156741891059,0.00020268988220468152,0.0006330111121017848,-1.0791727849582295
gconv,8421,1024,"[492, 2002, 4145]",281,5,0.28052925704040593,128,512,512,rmsprop,0.00025942040922729735,0.013325619320061115,False,0.00042116200922152533,False,0.0004993999080260425,0.06672135167574594,0.4474201516934353,-1.1205375864294047
gconv,8421,1024,"[2695, 3714, 3909, 4613]",305,5,0.688374122310414,32,512,512,adam,0.00021657937201831532,0.035005820562999904,True,0.05337918682681145,False,0.0005874705385090881,0.00017336485468569598,0.02421248921462283,-1.1568048627756795
gconv,8421,1024,"[2178, 1158, 2572, 2639]",245,5,0.02302453400044258,32,512,512,adagrad,0.0011578300820105593,0.33526482425879894,False,0.008125347336415277,True,0.00016845348482920214,0.0004247573607883566,0.002261882326425276,-1.2100843226410267
gconv,8421,1024,"[492, 2002, 4145]",281,5,0.28052925704040593,128,512,512,rmsprop,0.00025942040922729735,0.013325619320061115,False,0.00042116200922152533,False,0.0004993999080260425,0.06672135167574594,0.4474201516934353,-1.252050914680184
gconv,8421,1024,"[650, 4482, 3627, 3650]",385,5,0.036157851881100975,512,512,512,adamax,0.004715741640870717,0.4029859318868116,False,0.039723820197390854,True,0.018605350119887298,0.006827209773827172,0.484553018887844,-1.2644901408204534
gconv,8421,1024,"[650, 4482, 3627, 3650]",385,5,0.036157851881100975,512,512,512,adamax,0.004715741640870717,0.4029859318868116,False,0.039723820197390854,True,0.018605350119887298,0.006827209773827172,0.484553018887844,-1.4318887581423985
gconv,8421,1024,[4769],64,5,0.01,128,512,512,adagrad,0.08691368695899551,0.21521624501749376,True,0.14952592397593414,True,0.0001,1.0,1.0,-1.4634788313305813
gconv,8421,1024,"[650, 4482, 3627, 3650]",385,5,0.036157851881100975,512,512,512,adamax,0.004715741640870717,0.4029859318868116,False,0.039723820197390854,True,0.018605350119887298,0.006827209773827172,0.484553018887844,-1.5466769864360783
gconv,8421,1024,"[4788, 2119, 4955]",180,5,0.45222137891012215,64,512,512,rmsprop,0.668328404278312,0.00012288183981058057,False,0.002431833945131782,True,0.00011421799206694493,0.001226577395031168,0.0008264268140497318,-1.6673130741987807
gconv,8421,1024,"[2178, 1158, 2572, 2639]",245,5,0.02302453400044258,32,512,512,adagrad,0.0011578300820105593,0.33526482425879894,False,0.008125347336415277,True,0.00016845348482920214,0.0004247573607883566,0.002261882326425276,-1.7170010693454512
gconv,8421,1024,"[2178, 1158, 2572, 2639]",245,5,0.02302453400044258,32,512,512,adagrad,0.0011578300820105593,0.33526482425879894,False,0.008125347336415277,True,0.00016845348482920214,0.0004247573607883566,0.002261882326425276,-1.9500478136186412
gconv,8421,1024,"[4048, 4348, 4155]",352,5,0.014858894921963791,128,512,512,adamax,0.08404963509073433,0.6895614464926513,True,0.00011942656411595662,False,0.061888291159263975,0.0002541438982902787,0.06010536677355892,-2.171023755025817
gconv,8421,1024,"[1902, 4313]",102,5,0.6195186859968586,64,512,512,adagrad,0.3970519547837903,0.42165429965548945,True,0.5929234418866859,False,0.0042628520161952935,0.7041403682834778,0.014501800341355904,-2.284656301166039
gconv,8421,1024,"[1902, 4313]",102,5,0.6195186859968586,64,512,512,adagrad,0.3970519547837903,0.42165429965548945,True,0.5929234418866859,False,0.0042628520161952935,0.7041403682834778,0.014501800341355904,-2.330250258554745
gconv,8421,1024,"[492, 2002, 4145]",281,5,0.28052925704040593,128,512,512,rmsprop,0.00025942040922729735,0.013325619320061115,False,0.00042116200922152533,False,0.0004993999080260425,0.06672135167574594,0.4474201516934353,-2.521869725413694
gconv,8421,1024,"[1902, 4313]",102,5,0.6195186859968586,64,512,512,adagrad,0.3970519547837903,0.42165429965548945,True,0.5929234418866859,False,0.0042628520161952935,0.7041403682834778,0.014501800341355904,-2.6165500424999624
gconv,8421,1024,"[2591, 1315, 1807]",343,5,0.5336666134685034,32,512,512,adam,0.0012765036912079674,0.7559438540126628,True,0.29628165480474994,False,0.944435640737159,0.023007417292616315,0.4669555604657292,-2.7750704249272804
gconv,8421,1024,"[4048, 4348, 4155]",352,5,0.014858894921963791,128,512,512,adamax,0.08404963509073433,0.6895614464926513,True,0.00011942656411595662,False,0.061888291159263975,0.0002541438982902787,0.06010536677355892,-2.8537970631538574
gconv,8421,1024,"[1954, 2499, 2512]",81,5,0.1669828952584607,512,512,512,rmsprop,0.21632142881258665,0.0523374299192257,False,0.8018749347796286,True,0.0009552396149684702,0.032032349813139155,0.12230365895815593,-2.9790419233283427
gconv,8421,1024,"[4148, 3873, 946, 1018]",392,5,0.0163398666006262,512,512,512,rmsprop,0.052710685163430755,0.13352703787791653,True,0.0040380663746905346,False,0.02077881781264903,0.028043719621086392,0.020374302325809807,-3.094299332420426
gconv,8421,1024,"[2695, 3714, 3909, 4613]",305,5,0.688374122310414,32,512,512,adam,0.00021657937201831532,0.035005820562999904,True,0.05337918682681145,False,0.0005874705385090881,0.00017336485468569598,0.02421248921462283,-3.304793814179475
gconv,8421,1024,"[4048, 4348, 4155]",352,5,0.014858894921963791,128,512,512,adamax,0.08404963509073433,0.6895614464926513,True,0.00011942656411595662,False,0.061888291159263975,0.0002541438982902787,0.06010536677355892,-3.9098661939220354
gconv,8421,1024,"[2591, 1315, 1807]",343,5,0.5336666134685034,32,512,512,adam,0.0012765036912079674,0.7559438540126628,True,0.29628165480474994,False,0.944435640737159,0.023007417292616315,0.4669555604657292,-3.9748421941037
gconv,8421,1024,"[492, 2002, 4145]",281,5,0.28052925704040593,128,512,512,rmsprop,0.00025942040922729735,0.013325619320061115,False,0.00042116200922152533,False,0.0004993999080260425,0.06672135167574594,0.4474201516934353,-4.0029777769479775
gconv,8421,1024,"[2695, 3714, 3909, 4613]",305,5,0.688374122310414,32,512,512,adam,0.00021657937201831532,0.035005820562999904,True,0.05337918682681145,False,0.0005874705385090881,0.00017336485468569598,0.02421248921462283,-4.454362192199245
gconv,8421,1024,"[1902, 4313]",102,5,0.6195186859968586,64,512,512,adagrad,0.3970519547837903,0.42165429965548945,True,0.5929234418866859,False,0.0042628520161952935,0.7041403682834778,0.014501800341355904,-6.715264072409951
gconv,8421,1024,"[1902, 4313]",102,5,0.6195186859968586,64,512,512,adagrad,0.3970519547837903,0.42165429965548945,True,0.5929234418866859,False,0.0042628520161952935,0.7041403682834778,0.014501800341355904,-8.082588559232851
gconv,8421,1024,"[2591, 1315, 1807]",343,5,0.5336666134685034,32,512,512,adam,0.0012765036912079674,0.7559438540126628,True,0.29628165480474994,False,0.944435640737159,0.023007417292616315,0.4669555604657292,-8.785471031603464
gconv,8421,1024,"[4856, 2650]",417,5,0.18788351417837945,64,512,512,rmsprop,0.003671986649693942,0.06092621320812079,True,0.0002307510016042578,False,0.0004402573492339207,0.000817758511676141,0.006677560245233415,-11.54518686741406
gconv,8421,1024,"[4148, 3873, 946, 1018]",392,5,0.0163398666006262,512,512,512,rmsprop,0.052710685163430755,0.13352703787791653,True,0.0040380663746905346,False,0.02077881781264903,0.028043719621086392,0.020374302325809807,-16.527758022994853
gconv,8421,1024,"[4856, 2650]",417,5,0.18788351417837945,64,512,512,rmsprop,0.003671986649693942,0.06092621320812079,True,0.0002307510016042578,False,0.0004402573492339207,0.000817758511676141,0.006677560245233415,-17.33385244811489
gconv,8421,1024,"[1042, 4120, 3408]",325,5,0.03227698397987997,32,512,512,rmsprop,0.893008948840562,0.2869071638445296,False,0.0009393392202065805,False,0.20395386605308258,0.4701287435834727,0.0009834347766799118,-17.4968861852065
gconv,8421,1024,"[1042, 4120, 3408]",325,5,0.03227698397987997,32,512,512,rmsprop,0.893008948840562,0.2869071638445296,False,0.0009393392202065805,False,0.20395386605308258,0.4701287435834727,0.0009834347766799118,-17.78641265094559
gconv,8421,1024,"[4856, 2650]",417,5,0.18788351417837945,64,512,512,rmsprop,0.003671986649693942,0.06092621320812079,True,0.0002307510016042578,False,0.0004402573492339207,0.000817758511676141,0.006677560245233415,-19.64982835738706
gconv,8421,1024,"[3828, 2600]",360,5,0.10069206954758779,256,512,512,rmsprop,0.3224186626770194,0.08850569777884393,False,0.00023673125638678472,True,0.0002307798300083204,0.19167504820190254,0.6197022811740025,-21.028923737137443
gconv,8421,1024,"[3828, 2600]",360,5,0.10069206954758779,256,512,512,rmsprop,0.3224186626770194,0.08850569777884393,False,0.00023673125638678472,True,0.0002307798300083204,0.19167504820190254,0.6197022811740025,-22.393745149856315
gconv,8421,1024,"[3828, 2600]",360,5,0.10069206954758779,256,512,512,rmsprop,0.3224186626770194,0.08850569777884393,False,0.00023673125638678472,True,0.0002307798300083204,0.19167504820190254,0.6197022811740025,-26.188260623530553
gconv,8421,1024,"[2591, 1315, 1807]",343,5,0.5336666134685034,32,512,512,adam,0.0012765036912079674,0.7559438540126628,True,0.29628165480474994,False,0.944435640737159,0.023007417292616315,0.4669555604657292,-26.567856570765702
gconv,8421,1024,"[1229, 3874]",191,5,0.23717961462068765,32,512,512,adagrad,0.0001549710043696575,0.9999815503499248,True,0.9999997316782984,False,0.00017317690106945834,0.43023558239690035,0.00035636331860069504,-29.34924170074118
gconv,8421,1024,"[4062, 4162, 4510]",437,5,0.0724174220402339,512,512,512,adam,0.00043512060628999347,0.8631592287720798,True,0.0580078809025615,False,0.00041744755729665207,0.224908167057816,0.032192005649101,-33.61296909287638
gconv,8421,1024,"[4062, 4162, 4510]",437,5,0.0724174220402339,512,512,512,adam,0.00043512060628999347,0.8631592287720798,True,0.0580078809025615,False,0.00041744755729665207,0.224908167057816,0.032192005649101,-36.00637053670713
gconv,8421,1024,"[4048, 4348, 4155]",352,5,0.014858894921963791,128,512,512,adamax,0.08404963509073433,0.6895614464926513,True,0.00011942656411595662,False,0.061888291159263975,0.0002541438982902787,0.06010536677355892,-37.06499375397225
gconv,8421,1024,[3340],258,5,0.01,256,512,512,adamax,0.002659135657983101,1.0,True,0.2554043633640409,False,0.027387080784248292,0.0010024802311665428,1.0,-37.132248266940636
gconv,8421,1024,"[2888, 4777]",433,5,0.07004514496944972,32,512,512,adamax,0.07404045353880422,0.396688027111885,True,0.008872361411031838,False,0.004052664449666361,0.04138485164912322,0.014966831947854734,-49.30635783165784
gconv,8421,1024,"[4048, 4348, 4155]",352,5,0.014858894921963791,128,512,512,adamax,0.08404963509073433,0.6895614464926513,True,0.00011942656411595662,False,0.061888291159263975,0.0002541438982902787,0.06010536677355892,-52.95169963668133
gconv,8421,1024,"[3184, 498, 1326]",64,5,1.0,64,512,512,adagrad,0.04300336612639441,0.00046323015168286616,True,0.0035988082055451462,True,0.004313287545759808,0.0009653699547605636,0.0001113392018471325,-70.43842412948526
gconv,8421,1024,"[3828, 2600]",360,5,0.10069206954758779,256,512,512,rmsprop,0.3224186626770194,0.08850569777884393,False,0.00023673125638678472,True,0.0002307798300083204,0.19167504820190254,0.6197022811740025,-77.91337278361003
gconv,8421,1024,"[4062, 4162, 4510]",437,5,0.0724174220402339,512,512,512,adam,0.00043512060628999347,0.8631592287720798,True,0.0580078809025615,False,0.00041744755729665207,0.224908167057816,0.032192005649101,-80.0650304672712
gconv,8421,1024,"[4148, 3873, 946, 1018]",392,5,0.0163398666006262,512,512,512,rmsprop,0.052710685163430755,0.13352703787791653,True,0.0040380663746905346,False,0.02077881781264903,0.028043719621086392,0.020374302325809807,-83.20550026359582
gconv,8421,1024,"[4856, 2650]",417,5,0.18788351417837945,64,512,512,rmsprop,0.003671986649693942,0.06092621320812079,True,0.0002307510016042578,False,0.0004402573492339207,0.000817758511676141,0.006677560245233415,-101.29613742124462
gconv,8421,1024,"[2888, 4777]",433,5,0.07004514496944972,32,512,512,adamax,0.07404045353880422,0.396688027111885,True,0.008872361411031838,False,0.004052664449666361,0.04138485164912322,0.014966831947854734,-104.95045157315221
gconv,8421,1024,"[4062, 4162, 4510]",437,5,0.0724174220402339,512,512,512,adam,0.00043512060628999347,0.8631592287720798,True,0.0580078809025615,False,0.00041744755729665207,0.224908167057816,0.032192005649101,-105.2557713634576
gconv,8421,1024,"[4062, 4162, 4510]",437,5,0.0724174220402339,512,512,512,adam,0.00043512060628999347,0.8631592287720798,True,0.0580078809025615,False,0.00041744755729665207,0.224908167057816,0.032192005649101,-116.15411275025797
gconv,8421,1024,"[1042, 4120, 3408]",325,5,0.03227698397987997,32,512,512,rmsprop,0.893008948840562,0.2869071638445296,False,0.0009393392202065805,False,0.20395386605308258,0.4701287435834727,0.0009834347766799118,-161.59948599661982
gconv,8421,1024,"[3828, 2600]",360,5,0.10069206954758779,256,512,512,rmsprop,0.3224186626770194,0.08850569777884393,False,0.00023673125638678472,True,0.0002307798300083204,0.19167504820190254,0.6197022811740025,-231.36081055915204
gconv,8421,1024,"[5000, 256, 1205, 256]",64,5,1.0,128,512,512,adam,0.0014616330352224427,0.0001,False,0.0001,True,0.0001,0.0001,0.013247258305623757,-259.70198285984935
gconv,8421,1024,"[5000, 5000, 256, 256]",64,5,1.0,32,512,512,rmsprop,0.0001,0.0001,True,0.0001,False,0.0001,1.0,1.0,-1792.8640480827712
